id,article_id,canonical_topic,keywords,intent,audience,prerequisites,complexity,enriched_at,llm_model
1,1677,Email Security,"{""confidential information"",""email security"",""sensitive data""}",overview,general,{},beginner,2026-02-02 10:53:45.870728,llama3.1:8b
2,2198,Top Hat at IU,"{""Top Hat"",""LTI 1.3"",""IU School of Medicine"",""Indiana University classes""}",overview,unknown,{},intermediate,2026-02-02 10:54:26.949609,llama3.1:8b
3,2304,Vulnerability Scanning,"{""vulnerability scanners"",QualysGuard,""web application security""}",overview,unknown,{},intermediate,2026-02-02 10:54:38.082448,llama3.1:8b
4,2131,Software Requests,"{""software requests"",IUanyWare,STCs,licensing,media}",how-to,faculty,"{""understanding of software licensing and media requirements""}",intermediate,2026-02-02 10:54:50.807445,llama3.1:8b
5,2401,Microsoft 365,"{""Microsoft 365"",""Microsoft Teams"",OneDrive,""file management"",""access methods""}",overview,general,{},beginner,2026-02-02 10:55:03.874173,llama3.1:8b
6,2278,Endpoint Management,"{IU,""endpoint management services"",SCCM,""Global Standard"",ConfigMgr}",overview,faculty,{},intermediate,2026-02-02 10:55:43.878948,llama3.1:8b
7,2402,OneDrive File Management,"{""Microsoft OneDrive"",IU,""file management"",""folder management""}",overview,unknown,{},intermediate,2026-02-02 10:56:06.120068,llama3.1:8b
8,1650,IU Intelligent Infrastructure,"{""IU Intelligent Infrastructure"",UITS,""Enterprise Systems"",""remote access"",""high performance""}",overview,admin,{},unknown,2026-02-02 10:56:17.473371,llama3.1:8b
9,1625,RT Projects,"{Slate-Project,allocations,""RT Project"",collaborations}",overview,researcher,"{""understanding of RT Projects and their functionality""}",intermediate,2026-02-02 10:56:30.010682,llama3.1:8b
10,11628,IU Intelligent Infrastructure,"{""IU Intelligent Infrastructure"",""Storage and Virtualization"",""Virtual machines"",""Data Protection Services""}",overview,general,{},unknown,2026-02-02 10:56:41.157334,llama3.1:8b
11,1536,IU Research Storage,"{""allocated storage"",""short-term storage"",""research systems"",""Indiana University""}",overview,researcher,"{""understanding of IU research computing systems""}",intermediate,2026-02-02 10:56:45.11979,llama3.1:8b
12,1553,Lustre File Systems,"{Lustre,""High-Performance Storage"",""Scalable Parallel File System"",""Computing Clusters"",Supercomputers}",overview,unknown,{},intermediate,2026-02-02 10:57:11.844782,llama3.1:8b
13,1473,HIPAA Compliance,"{HIPAA,PHI,""UITS systems"",""Administrative safeguards"",""Physical safeguards"",""Technical safeguards""}",overview,researcher,"{""Understanding of HIPAA regulations"",""Familiarity with IU's IT systems and services""}",intermediate,2026-02-02 10:57:27.027792,llama3.1:8b
14,1661,IU Tools,"{FireForm,""IU tools"",""form-building tool"",""data collection"",""workflow management""}",overview,admin,{},intermediate,2026-02-02 10:57:38.319536,llama3.1:8b
15,1668,Data Encryption,"{HIPAA,PHI,""data encryption"",UITS,""Research Technologies""}",reference,researcher,"{HIPAA,PHI}",intermediate,2026-02-02 10:57:52.253621,llama3.1:8b
16,1644,IU REDCap,"{Redcap,""Research Electronic Data Capture""}",overview,researcher,{},intermediate,2026-02-02 10:58:02.148526,llama3.1:8b
17,1681,WebDB,"{WebDB,""Microsoft SQL Server"",""SQL Server account password""}",overview,unknown,"{""basic computer knowledge"","" familiarity with WebDB tool""}",intermediate,2026-02-02 10:58:14.597771,llama3.1:8b
18,1685,Secure Data Sharing,"{""Secure Share"",""data sharing"",""file sharing"",""web interface""}",overview,general,{},beginner,2026-02-02 10:58:25.497944,llama3.1:8b
19,1696,Online Safety,"{""online safety"",""social media"",passwords,""two-factor authentication"",phishing,catfishing,""security software""}",how-to,general,{},beginner,2026-02-02 10:58:40.442282,llama3.1:8b
20,1705,UITS Advanced Visualization Lab (AVL),"{UITS,""Advanced Visualization Lab"",""visual technologies"",research,education,""creative activity""}",overview,faculty,{},intermediate,2026-02-02 10:58:52.924946,llama3.1:8b
21,1709,Sensitive Data Management,"{""sensitive data"",""institutional data"",""protected health information"",""research data"",""data management standards""}",overview,faculty,"{""understanding of institutional data policies"",""awareness of protected health information regulations""}",intermediate,2026-02-02 10:58:53.931698,llama3.1:8b
22,1733,HIPAA Compliance,"{HIPAA,""HIPAA Privacy Rule"",""HIPAA Security Rule"",PHI,""Protected Health Information""}",reference,faculty,{},intermediate,2026-02-02 10:59:19.838054,llama3.1:8b
23,1870,IU Resources,"{Burrow,""Indiana University""}",reference,student,{},beginner,2026-02-02 10:59:28.793,llama3.1:8b
24,1879,IU Guest Accounts,"{""IU Guest Account"",""limited access"",""select applications""}",overview,student,{},beginner,2026-02-02 10:59:38.894618,llama3.1:8b
25,1883,Account Management,"{""account ownership"",""group accounts"",""departmental accounts"",IU}",how-to,admin,"{""Understanding IU account policies"",""Knowledge of group or departmental account setup""}",intermediate,2026-02-02 10:59:51.847154,llama3.1:8b
26,1915,Storage Systems,"{Geode,""Indiana University"",""storage system"",""online storage"",""home directory"",supercomputers}",overview,researcher,{},intermediate,2026-02-02 11:00:03.979031,llama3.1:8b
27,1771,Accessing Google at IU My Drive,"{""Google at IU My Drive"",""Research Desktop (RED)"",""IU Globus Web App"",rclone,""Caja file browser""}",overview,researcher,"{""understanding of Research Desktop (RED) environment""}",intermediate,2026-02-02 11:00:21.266542,llama3.1:8b
28,1465,HIPAA Compliance,"{""protected health information"",PHI,""Health Insurance Portability and Accountability Act of 1996"",HIPAA}",reference,faculty,"{""Understanding institutional data classification levels"",""Knowledge of IU's DM-01 policy""}",intermediate,2026-02-02 11:00:35.913488,llama3.1:8b
29,1458,High-Performance Computing,"{Quartz,""HPC cluster"",""Indiana University"",""high-throughput computing""}",overview,researcher,{},intermediate,2026-02-02 11:00:47.232169,llama3.1:8b
30,1472,Unix,"{Unix,UID,GID,""id command""}",how-to,unknown,"{""basic Unix commands""}",intermediate,2026-02-02 11:00:58.904948,llama3.1:8b
31,1479,Data Security,"{SecureMyResearch,cybersecurity,""data protection"",compliance,grants,contracts,""data use agreements""}",overview,researcher,{},intermediate,2026-02-02 11:00:59.912236,llama3.1:8b
32,1981,Unix,"{unix,basics,commands,""file system"",linux,shell,""vi text editor""}",overview,student,{},beginner,2026-02-02 11:01:26.00462,llama3.1:8b
33,9885,Funding Acknowledgement,"{""funding acknowledgement"",""IU cyberinfrastructure"",""grant support""}",reference,researcher,{},intermediate,2026-02-02 11:01:36.844748,llama3.1:8b
34,9968,Research Systems Policy,"{""UITS research systems"",HIPAA,""IU research supercomputers"",Passphrases,""Login and file transfer access""}",overview,researcher,{},unknown,2026-02-02 11:01:49.456999,llama3.1:8b
35,4082,University Information Security Office,"{UISO,""Indiana University"",""Office of the Vice President for Information Technology""}",overview,general,{},unknown,2026-02-02 11:02:00.367996,llama3.1:8b
36,4084,Remote Desktop,"{""Remote Desktop Protocol"",RDP,""Microsoft RDP software""}",how-to,general,{},beginner,2026-02-02 11:02:11.170872,llama3.1:8b
37,1645,Email Security,"{""Exchange account"",""email encryption"",""Office Message Encryption"",""secure message""}",how-to,unknown,"{""basic knowledge of Exchange account settings"",""understanding of email security""}",intermediate,2026-02-02 11:02:26.187024,llama3.1:8b
38,1506,Password Management,"{""IU passphrase"",""passwords vs. passphrases"",""Indiana University account access""}",overview,unknown,{},beginner,2026-02-02 11:02:37.490135,llama3.1:8b
39,9798,Authentication,"{login,username,""Guest accounts"",""University ID"",""IU Health account""}",how-to,unknown,{},beginner,2026-02-02 11:02:48.77914,llama3.1:8b
40,1495,High Performance Computing at IU,"{Slate-Project,""high performance file system"",""centralized storage"",""Indiana University's research supercomputers""}",overview,researcher,{},intermediate,2026-02-02 11:03:01.538287,llama3.1:8b
41,11636,Cloud Hosting,"{""Virtual Server"",""Hosting Services"",""Service Level Expectations"",""IU Data Centers""}",reference,admin,"{""Basic understanding of cloud hosting concepts"",""Familiarity with IU data centers""}",intermediate,2026-02-02 11:03:02.550545,llama3.1:8b
42,1537,SSH,"{""Secure Shell"",""host-to-host authentication"",""user authentication"",""encrypted communications""}",overview,general,{},intermediate,2026-02-02 11:03:26.495607,llama3.1:8b
43,1540,Open Source Software,"{""open source"",""software development"",""Open Source Initiative""}",overview,general,{},beginner,2026-02-02 11:03:36.72002,llama3.1:8b
44,1598,Windows Key,"{""Windows key"",""Windows operating system"",""keyboard keys""}",overview,general,{},beginner,2026-02-02 11:03:46.81988,llama3.1:8b
45,1580,IU Email,"{""Indiana University email"",username,@iu.edu,""campus affiliation""}",overview,student,{},beginner,2026-02-02 11:03:57.625599,llama3.1:8b
46,11646,Zoom,"{zoom,""indiana university"",""microsoft teams room""}",reference,unknown,{},intermediate,2026-02-02 11:04:07.912772,llama3.1:8b
47,1657,UA Technology Support,"{""UA Technology Support"",TechSelect,""IT support"",faculty,staff}",overview,unknown,{},unknown,2026-02-02 11:04:19.184539,llama3.1:8b
48,1662,Data Protection,"{""sensitive data"",""personal data"",""Indiana University"",""data protection laws"",""university policy""}",overview,unknown,{},intermediate,2026-02-02 11:04:31.377763,llama3.1:8b
49,10420,Accessibility,"{""assistive technology"",""IU resources"",""engaging eReader"",""Ally alternative formats"",""Microsoft Editor"",""Microsoft Edge PDF Reader""}",overview,unknown,{},beginner,2026-02-02 11:04:45.077066,llama3.1:8b
50,10426,Zoom Security,"{Zoombombing,""Zoom privacy"",""security features""}",how-to,faculty,{},intermediate,2026-02-02 11:04:55.538722,llama3.1:8b
51,1664,OnBase,"{OnBase,IU,""document management system"",Hyland}",overview,admin,{},intermediate,2026-02-02 11:04:56.551784,llama3.1:8b
52,1673,Data Sharing and Handling,"{""Data Sharing and Handling"",""DSH tool"",""institutional data"",""data management""}",overview,admin,{},intermediate,2026-02-02 11:05:18.380898,llama3.1:8b
53,1674,Qualtrics Survey Tool,"{Qualtrics,IU,""University account"",""survey tool""}",overview,student,{},beginner,2026-02-02 11:05:29.308065,llama3.1:8b
54,1676,IUanyWare,"{IUanyWare,""client virtualization service""}",overview,unknown,{},beginner,2026-02-02 11:05:39.84718,llama3.1:8b
55,1684,Windows Hosting Environment,"{""Windows Hosting Environment"",WHE,IIS,ColdFusion,"".NET Framework""}",overview,unknown,{},intermediate,2026-02-02 11:05:52.225315,llama3.1:8b
56,10494,Cloud Storage,"{""Microsoft OneDrive"",""SharePoint Online"",""file request""}",overview,faculty,{},intermediate,2026-02-02 11:06:02.514955,llama3.1:8b
57,1678,Grant Proposal Writing,"{cyberinfrastructure,""facilities statements"",""NSF proposals"",""NIH proposals""}",overview,unknown,{},intermediate,2026-02-02 11:06:14.447287,llama3.1:8b
58,2398,Microsoft OneDrive at IU,"{OneDrive,IU,storage,limits}",overview,student,{},beginner,2026-02-02 11:06:25.089527,llama3.1:8b
59,1690,Data Protection Service,"{""IU's Data Protection Service"",DPS,""data management solution"",""IU's Intelligent Infrastructure"",""II environment"",""crash-consistent snapshots""}",overview,admin,{},intermediate,2026-02-02 11:06:38.416611,llama3.1:8b
60,1695,Office Message Encryption,"{""Office Message Encryption"",OME,""email encryption"",""data protection""}",overview,faculty,{},intermediate,2026-02-02 11:06:49.146408,llama3.1:8b
61,1700,Kaltura,"{IU,""Indiana University"",""video management system"",Canvas}",overview,unknown,{},beginner,2026-02-02 11:06:50.159497,llama3.1:8b
62,1702,University Information Policy Office,"{UIPO,OVPIT,""Information Technology Policy""}",reference,general,{},unknown,2026-02-02 11:07:10.928988,llama3.1:8b
63,11652,Microsoft Teams Calls,"{""Microsoft Teams"",calls,""location services"",Windows,macOS,""office phone number"",911}",overview,unknown,{},beginner,2026-02-02 11:07:23.631847,llama3.1:8b
64,1765,Single Sign-On (SSO),"{""IU Login"",""single sign-on"",""University accounts"",One.IU,Canvas,Timekeeping}",overview,unknown,{},intermediate,2026-02-02 11:07:36.845461,llama3.1:8b
65,11654,Computational Architecture,"{microprocessor,""multi-core technology"",cores,chips,sockets}",overview,student,{},beginner,2026-02-02 11:07:47.982301,llama3.1:8b
66,11655,Data Warehouse Best Practices,"{""Data Warehouse naming standards"",""EDSD Support Form"",""naming conventions""}",reference,admin,"{""data warehouse basics""}",intermediate,2026-02-02 11:07:59.529888,llama3.1:8b
67,1768,IU Google Accounts,"{""google account"",""iu google accounts"",""multiple accounts"",""switching between accounts""}",how-to,unknown,{},intermediate,2026-02-02 11:08:11.843337,llama3.1:8b
68,11657,Toshiba Printers,"{""Toshiba printers"",""multifunction printers"",printing,copying,scanning}",overview,unknown,{},intermediate,2026-02-02 11:08:24.332655,llama3.1:8b
69,1819,University Accounts,"{""University account"",""IU username"",""IU passphrase"",""Network ID""}",overview,student,{},beginner,2026-02-02 11:08:34.971799,llama3.1:8b
70,1525,IU Research HPC,"{IU,research,HPC,storage,supercomputer,account,""project allocation""}",overview,researcher,{},beginner,2026-02-02 11:08:47.333727,llama3.1:8b
71,1871,IU Computing Accounts,"{""IU computing accounts"",""account lifecycle"",""Indiana University""}",overview,student,"{""admission to Indiana University"",""understanding of IU computing resources""}",intermediate,2026-02-02 11:08:48.346165,llama3.1:8b
72,1884,IU Active Directory Services,"{""Indiana University"",""ADS domain account"",""University account"",""passphrase synchronization""}",overview,student,{},beginner,2026-02-02 11:09:12.668514,llama3.1:8b
73,1892,IU Accounts,"{""sponsored accounts"",""conference participants"",""IU network"",""Student Technology Centers"",""Residential Technology Centers""}",overview,unknown,{},beginner,2026-02-02 11:09:25.077661,llama3.1:8b
74,1934,Academic Supercomputing at IU,"{supercomputers,IU,""research technologies"",cyberinfrastructure,""Big Red 200"",Quartz}",overview,unknown,{},intermediate,2026-02-02 11:09:38.707213,llama3.1:8b
75,2103,Visualization Tools,"{visualization,graphics,software,IU,AVL}",reference,researcher,{},intermediate,2026-02-02 11:09:49.417777,llama3.1:8b
76,1968,Research Storage,"{Geode-Project,""Research Technologies"",""disk-based persistent storage"",""research supercomputers"",""IU data centers""}",overview,researcher,"{""understanding of IU research computing infrastructure""}",intermediate,2026-02-02 11:10:04.516588,llama3.1:8b
77,2067,Unix File System Management,"{umask,""Unix permissions"",""directory creation"",""file protection""}",how-to,faculty,"{""Unix basics"",""permissions concepts""}",intermediate,2026-02-02 11:10:16.799754,llama3.1:8b
78,2148,UITS Research Technologies 3D Initiative,"{""3D photogrammetry"",Goscans,Matterport,IU3D}",overview,researcher,{},unknown,2026-02-02 11:10:29.223671,llama3.1:8b
79,2275,Exchange Online,"{""Exchange Online"",""IU Email"",""Email Access""}",overview,student,{},beginner,2026-02-02 11:10:39.191272,llama3.1:8b
80,2283,Kuali Enterprise Workflow,"{""Kuali Enterprise Workflow"",""IU community"",""electronic routing infrastructure"",""workflow engine"",eDocs}",overview,general,{},unknown,2026-02-02 11:10:52.571835,llama3.1:8b
81,2286,One.IU,"{One.IU,""IU App Store"",""Task Finder""}",overview,unknown,{},beginner,2026-02-02 11:10:53.58395,llama3.1:8b
82,2295,IU Print,"{""IU Print"",""Indiana University printing"",""universal printing"",""on-campus printing""}",overview,unknown,{},beginner,2026-02-02 11:11:15.30147,llama3.1:8b
83,1973,IU Exchange Account Management,"{""IU Exchange account"",""storage space"",""Outlook for Windows"",""Outlook on the web"",""macOS Mail""}",how-to,student,{},intermediate,2026-02-02 11:11:28.062997,llama3.1:8b
84,11662,Google Cloud Services,"{Google,""IU Shared Drives"",""My Drive"",""file management""}",overview,student,{},intermediate,2026-02-02 11:11:39.022058,llama3.1:8b
85,2124,Unix Shell,"{Unix,shell,""command-line interface"",DOS,""graphical interfaces""}",overview,student,"{""basic computer concepts"",""operating system fundamentals""}",intermediate,2026-02-02 11:11:51.757524,llama3.1:8b
86,11663,Google Drive,"{""Google Drive"",""desktop application"",""IU My Drive"",""cloud storage""}",overview,student,{},intermediate,2026-02-02 11:12:02.432363,llama3.1:8b
87,2152,Indiana Spatial Data Portal,"{""Indiana Spatial Data Portal"",ISDP,""geospatial data"",""data portal""}",overview,researcher,{},intermediate,2026-02-02 11:12:15.225396,llama3.1:8b
88,11671,Google at IU,"{""Google at IU"",""My Drive"",""folder ownership transfer"",collaborators}",how-to,student,"{""About Google at IU My Drive""}",intermediate,2026-02-02 11:12:28.882672,llama3.1:8b
89,2186,Two-Step Login,"{Duo,""Two-Step Login"",authentication}",overview,student,"{""IU Login""}",beginner,2026-02-02 11:12:39.817007,llama3.1:8b
90,11001,Data Virtualization,"{Denodo,""Data Virtualization"",IU,""Indiana University"",""data integration""}",overview,admin,{},intermediate,2026-02-02 11:12:52.712689,llama3.1:8b
91,11667,Group Accounts,"{""group accounts"",""Two-Step Login (Duo)"",""UITS recommendations"",Outlook,""IU Login"",""full access""}",how-to,faculty,"{""Understanding IU Login"",""Group Account setup""}",intermediate,2026-02-02 11:12:53.725242,llama3.1:8b
92,1564,IU Storage Systems,"{Slate-Scratch,""Lustre-based file system"",""Indiana University"",""high-performance storage""}",overview,researcher,{},intermediate,2026-02-02 11:13:21.447571,llama3.1:8b
93,2154,Cloud Computing Environments,"{Jetstream2,""cloud computing"",researchers,educators,""data analysis""}",overview,unknown,{},intermediate,2026-02-02 11:13:33.505653,llama3.1:8b
94,2191,Wireless Network Troubleshooting,"{""wireless network"",""IU wireless"",eduroam,""IU Secure"",""login issues""}",troubleshooting,student,"{""knowledge of IU login credentials"",""basic computer skills""}",beginner,2026-02-02 11:13:47.782712,llama3.1:8b
95,2192,eduroam Wi-Fi,"{eduroam,""Wi-Fi network"",""IU campuses"",""wireless connectivity""}",overview,unknown,{},beginner,2026-02-02 11:14:00.217373,llama3.1:8b
96,2303,Digital Signage,"{""digital signage"",""Indiana University"",IU}",overview,general,{},unknown,2026-02-02 11:14:09.67834,llama3.1:8b
97,2193,IU Wireless,"{eduroam,""IU Secure wireless"",""single sign-on""}",overview,unknown,{},intermediate,2026-02-02 11:14:20.881456,llama3.1:8b
188,10051,IU Research Database Complex,"{MySQL,""IU RDC"",""Research Database Complex""}",overview,researcher,{},beginner,2026-02-02 11:33:46.070015,llama3.1:8b
98,2195,IU Indianapolis Classroom Support,"{""Classroom Technology Services"",""CTS support hours"",""Learning Spaces Support"",""Report a Classroom Technology Issue form""}",reference,unknown,{},beginner,2026-02-02 11:14:33.321317,llama3.1:8b
99,2126,SLURM,"{""temporary work files"",SAS,Stata,""scratch files"",""disk space"",redirect}",how-to,researcher,"{""understanding of SAS and Stata commands""}",intermediate,2026-02-02 11:14:47.003296,llama3.1:8b
100,2197,IU Network Services,"{eduroam,""Indiana University"",""wireless network access""}",reference,unknown,{},intermediate,2026-02-02 11:14:58.157501,llama3.1:8b
101,2199,University Resources,"{""campus teaching and learning center"",""IU Bloomington"",""IU Indianapolis"",""Indiana University""}",overview,faculty,{},unknown,2026-02-02 11:14:59.159772,llama3.1:8b
102,2219,Authentication,"{""Indiana University"",""authentication process"",""login passwords"",""Active Directory"",""Two-Step Login (Duo)"",""IU Login""}",overview,general,{},intermediate,2026-02-02 11:15:22.346249,llama3.1:8b
103,2305,ServiceNow,"{""IT service management"",""workflow automation"",""service tracking"",""hardware asset tracking"",""ticket system integration""}",overview,admin,{},intermediate,2026-02-02 11:15:33.981157,llama3.1:8b
104,10528,Collaboration in Google,"{Google,""IU Shared Drives"",""external collaborators"",""Google My Drive quota""}",how-to,faculty,"{""logging into Google at IU"",""understanding IU Shared Drives""}",intermediate,2026-02-02 11:15:47.851386,llama3.1:8b
105,9967,IU Research Computing,"{""research computing"",IU,HPC,supercomputers,RADL}",overview,researcher,"{""log in to IU research supercomputers""}",beginner,2026-02-02 11:16:00.790696,llama3.1:8b
106,2416,Unix,"{Makefiles,""make utility"",""configuration file"",""Unix compilation"",""compiler options""}",overview,student,"{""basic Unix commands"",""compiling programs in Unix""}",intermediate,2026-02-02 11:16:15.835531,llama3.1:8b
107,2279,Version Control,"{Git,GitHub,IU,""version control system""}",overview,general,{},beginner,2026-02-02 11:16:26.093095,llama3.1:8b
108,2288,Certificate Authorities,"{""IU Enterprise Certificate Authority"",ECA,""digital certificates"",""Active Directory Services"",""InCommon Certificate Service""}",overview,admin,{},intermediate,2026-02-02 11:16:39.451994,llama3.1:8b
109,2291,Lecture Capture,"{Kaltura,IU,""Indiana University"",Canvas,""Learning Spaces & Technology Services""}",overview,faculty,{},intermediate,2026-02-02 11:16:50.874461,llama3.1:8b
110,2302,IU Enterprise Tools,"{""IU Enterprise Jira"",""Jira Cloud"",""Agile issue management"",""project collaboration""}",overview,unknown,{},intermediate,2026-02-02 11:17:02.597021,llama3.1:8b
111,11672,Google Assignments,"{""Google Assignments"",""Google Drive"",""Learning Management Systems"",Canvas}",overview,unknown,{},intermediate,2026-02-02 11:17:03.609073,llama3.1:8b
112,9972,HPC_LLM_Platform,"{HPC_LLM_platform,IU_research_supercomputers,large_language_models,generative_artificial_intelligence,AI,research_purposes}",overview,researcher,{},intermediate,2026-02-02 11:17:31.08068,llama3.1:8b
113,9980,Research Technologies Services,"{""Compute resources"",""Storage resources"",""Cloud computing"",Jetstream2,""IU research supercomputers""}",overview,researcher,{},intermediate,2026-02-02 11:17:43.230152,llama3.1:8b
114,2316,IU Log-Alert Service,"{Log-Alert,IU,IT-12,""Security of Information Technology Resources""}",overview,admin,{},intermediate,2026-02-02 11:17:54.796709,llama3.1:8b
115,2338,HIPAA Compliance,"{HIPAA,""Health Insurance Portability and Accountability Act"",""IU HIPAA Training""}",overview,admin,{},intermediate,2026-02-02 11:18:05.901214,llama3.1:8b
116,11673,Google at IU,"{""IU username"",passphrase,""Google at IU"",""My Drive"",""Shared with me"",""Google Drive for desktop""}",how-to,student,{},beginner,2026-02-02 11:18:20.436561,llama3.1:8b
117,2364,NFS,"{""Network File System"",""client/server system"",""Sun Microsystems""}",overview,student,{},intermediate,2026-02-02 11:18:30.594461,llama3.1:8b
118,2414,OneDrive Storage Management,"{""Microsoft OneDrive"",""IU storage management"",""storage limits""}",overview,student,{},intermediate,2026-02-02 11:18:41.152253,llama3.1:8b
119,11674,Google Drive at IU,"{IU,""Google Drive"",""storage footprint"",quota}",reference,unknown,{},intermediate,2026-02-02 11:18:52.049416,llama3.1:8b
120,2405,SharePoint Online,"{""SharePoint Online"",collaboration,""document repositories"",""Microsoft 365 integration"",""search capabilities""}",overview,faculty,{},intermediate,2026-02-02 11:19:05.449701,llama3.1:8b
121,2395,REDCap,"{""IU REDCap"",""production mode"",""project setup""}",how-to,faculty,"{""Understanding IU REDCap project setup"",""Creating and refining a data collection instrument""}",intermediate,2026-02-02 11:19:06.457752,llama3.1:8b
122,2394,IU REDCap,"{""IU REDCap"",""account request"",""project creation""}",how-to,researcher,"{""IU REDCap account"",""IU REDCap user agreement understanding""}",intermediate,2026-02-02 11:19:31.591147,llama3.1:8b
123,2407,Microsoft OneDrive at IU,"{""Microsoft OneDrive"",IU,""shared content"",Teams}",how-to,unknown,"{""creating a Microsoft Teams instance"",""sharing sites in OneDrive at IU""}",intermediate,2026-02-02 11:19:45.603319,llama3.1:8b
124,2426,Active Directory,"{""Active Directory"",ADS,""Microsoft Windows"",""IU ADS domain""}",overview,admin,{},intermediate,2026-02-02 11:19:56.077626,llama3.1:8b
125,9970,Research Computing at IU,"{""research computing"",""IU support"",""system-specific help""}",overview,researcher,{},unknown,2026-02-02 11:20:06.371827,llama3.1:8b
126,10656,ArcGIS StoryMaps,"{ArcGIS,StoryMaps,IU,""geographic information systems"",""web-based application""}",overview,faculty,{},intermediate,2026-02-02 11:20:18.230779,llama3.1:8b
127,2448,IU Wireless Network,"{""IU Guest"",eduroam,""IU Secure"",""wireless network"",""campus visitors""}",overview,general,{},unknown,2026-02-02 11:20:29.891239,llama3.1:8b
128,2455,User Access Management,"{""access management"",""institutional data"",""data access"",""application access"",""acceptable use agreement""}",how-to,faculty,"{""computing account creation"",""Acceptable Use Agreement completion""}",intermediate,2026-02-02 11:20:44.586424,llama3.1:8b
219,10352,Generative AI,"{IU,""AI tools"",Gemini,""generative ai""}",overview,general,{},intermediate,2026-02-02 11:40:24.520451,llama3.1:8b
129,2369,Compiling Programs,"{""Big Red 200"",""programming environments"",""Cray Compiler"",""Intel Compiler"",""NVIDIA HPC"",""GNU Compiler Collection (GCC)""}",overview,researcher,{},intermediate,2026-02-02 11:20:58.021323,llama3.1:8b
130,2428,Account Creation,"{""IU account"",""computing account"",""university ID"",username,passphrase,One.IU}",overview,unknown,{},beginner,2026-02-02 11:21:10.136386,llama3.1:8b
131,11677,IU Google Suite,"{""Google at IU"",""IU Google Suite"",""productivity tools"",""collaboration tools"",""mobile apps""}",overview,unknown,{},beginner,2026-02-02 11:21:11.148429,llama3.1:8b
132,4072,SSL VPN,"{""group accounts"",""SSL VPN"",""University Information Security Office""}",reference,admin,"{""understanding of group accounts and SSL VPN basics""}",intermediate,2026-02-02 11:21:36.744713,llama3.1:8b
133,4083,Knowledge Base,"{""Indiana University"",""Knowledge Base"",login}",how-to,general,{},beginner,2026-02-02 11:21:46.747656,llama3.1:8b
134,2240,Supercomputing at IU,"{""Big Red 200"",""HPE Cray EX"",supercomputer,IU,""Indiana University""}",overview,researcher,{},advanced,2026-02-02 11:21:59.038944,llama3.1:8b
135,10658,IU Laptop Loan Program,"{laptop,loan,program,students,""Indiana University""}",overview,student,{},unknown,2026-02-02 11:22:09.857881,llama3.1:8b
136,9925,SLURM,"{python,""programming language"",""IU research supercomputers""}",overview,researcher,{},intermediate,2026-02-02 11:22:20.316412,llama3.1:8b
137,1574,Slate,"{Slate,IU,Admissions,CRM,Enterprise}",overview,faculty,{},intermediate,2026-02-02 11:22:31.016852,llama3.1:8b
138,1585,Slate,"{""Slate file system"",SLURM,""sensitive data"",workstation,mounting}",how-to,unknown,"{""understand basic computer networking concepts"",""have access to a workstation""}",intermediate,2026-02-02 11:22:45.506162,llama3.1:8b
139,9864,Jupyter Notebook on Quartz,"{""Jupyter Notebook"",Quartz,RED,""X11 forwarding"",""Slate directories""}",how-to,researcher,"{""basic knowledge of Jupyter Notebook"",""access to Quartz and RED""}",intermediate,2026-02-02 11:23:00.869137,llama3.1:8b
140,9852,File Storage,"{""map drive"",""mount drive"",""home directory space"",""Geode-Project space""}",how-to,unknown,"{""understand information in Types of sensitive institutional data appropriate for UITS Research Technologies services"",""Indiana University's research computing and storage systems policies""}",intermediate,2026-02-02 11:23:17.148007,llama3.1:8b
141,1746,HIPAA Compliance,"{HIPAA,PHI,""Privacy Rule"",""Security Rule"",""administrative safeguards"",""physical safeguards"",""technical safeguards""}",overview,researcher,{},intermediate,2026-02-02 11:23:18.159659,llama3.1:8b
142,1757,Running AlphaFold,"{AlphaFold,""IU clusters"",SLURM}",how-to,researcher,"{""understanding of job scheduling with SLURM"",""basic knowledge of IU clusters""}",intermediate,2026-02-02 11:23:43.919091,llama3.1:8b
143,1836,File Transfer,"{Globus,""IU Globus Web App"",""data transfer"",""research computing"",""storage systems""}",how-to,researcher,"{""account on IU's research computing and storage systems"",""understanding of basic file transfer concepts""}",intermediate,2026-02-02 11:23:59.041118,llama3.1:8b
144,10666,UITS Accounts,"{""UITS accounts"",""storage space allotments"",""Indiana University""}",reference,unknown,{},intermediate,2026-02-02 11:24:09.771604,llama3.1:8b
145,2432,IUIE Accounts,"{IUIE,""affiliate accounts"",""sponsored accounts"",""Indiana University""}",how-to,unknown,"{""Sponsor a computing account for an IU affiliate""}",intermediate,2026-02-02 11:24:22.813501,llama3.1:8b
146,2389,Job Scheduling,"{""batch job"",crash,""core file"",""stack size limit"",ulimit,bash,ksh}",troubleshooting,researcher,"{""basic Linux commands"",""understanding of batch jobs""}",intermediate,2026-02-02 11:24:37.752648,llama3.1:8b
147,10034,MATLAB on Quartz,"{MATLAB,Quartz,IU,Slurm,""interactive job"",""batch mode""}",overview,researcher,"{""basic knowledge of MATLAB"",""familiarity with Slurm"",""access to IU Quartz resources""}",intermediate,2026-02-02 11:24:53.060053,llama3.1:8b
148,10015,GPU-Accelerated Job Scheduling,"{""GPU-accelerated jobs"",Quartz,""Big Red 200"",IU,""deep learning"",""gpu-capable applications""}",how-to,researcher,{},intermediate,2026-02-02 11:25:08.791241,llama3.1:8b
149,10041,Data Centers,"{""Data Center"",Virtualization,""Colocation Services"",""Leasing Data Center Space"",""IU Data Center"",UITS}",overview,faculty,{},intermediate,2026-02-02 11:25:24.171027,llama3.1:8b
150,10043,Remote Computing,"{""X Forwarding"",SSH,""Remote Computing"",""Graphical Applications"",""IU Research Supercomputers""}",how-to,student,"{""What is SSH"",""Understanding IU's research supercomputers""}",intermediate,2026-02-02 11:25:39.696113,llama3.1:8b
151,10049,IU RDC Databases,"{postgreSQL,""iu rdc"",""database access""}",how-to,unknown,"{""IU RDC account"",""basic database knowledge""}",intermediate,2026-02-02 11:25:40.708141,llama3.1:8b
152,10053,Jupyter Optimization,"{JUmPER,""Jupyter Notebook"",""Performance Monitoring"",""System Resources"",""IPython Extension""}",how-to,unknown,"{""basic knowledge of Jupyter Notebook"",""IPython extension installation""}",intermediate,2026-02-02 11:26:09.460976,llama3.1:8b
153,10062,IT Support,"{""Tier 2 Support"",UITS,""IU community"",""IT services""}",overview,admin,{},unknown,2026-02-02 11:26:20.067473,llama3.1:8b
154,10072,Unix,"{Unix,""operating system"",POSIX,""IEEE Std 1003.1 - 2008""}",overview,general,{},intermediate,2026-02-02 11:26:32.030677,llama3.1:8b
155,9896,Apptainer,"{Apptainer,""container solution"",""reproducible science"",""Linux-based operating system environments""}",overview,researcher,"{""basic knowledge of Linux"",""understanding of containerization""}",intermediate,2026-02-02 11:26:46.908593,llama3.1:8b
156,10076,Linaro Forge,"{""Linaro Forge"",debugging,profiling,""performance optimization"",""parallel applications"",""DTT debugger"",""MAP profiler""}",overview,researcher,{},intermediate,2026-02-02 11:27:02.215309,llama3.1:8b
157,9833,Research Computing,"{""High Performance Computing"",""Research Computing Systems"",""Software Management"",""Data Transfers"",Visualization,""HIPAA Compliance""}",overview,researcher,{},intermediate,2026-02-02 11:27:16.355742,llama3.1:8b
158,11681,Google at IU Storage Management,"{""Google at IU"",""photo storage"",""Google Drive quota""}",how-to,student,{},beginner,2026-02-02 11:27:27.204481,llama3.1:8b
159,11682,Android Security,"{""Android OS"",""device security"",""password protection"",encryption}",overview,unknown,"{""Basic knowledge of Android device settings""}",intermediate,2026-02-02 11:27:39.049458,llama3.1:8b
160,11686,Mobile Device Security,"{iPhone,iPad,""iPod touch"",""Passcode Lock"",""data encryption""}",overview,general,{},beginner,2026-02-02 11:27:50.451324,llama3.1:8b
161,9935,IU Computing Accounts,"{""IU computing accounts"",""Indiana University technology resources"",""account types""}",overview,student,{},beginner,2026-02-02 11:27:51.464286,llama3.1:8b
162,11689,VMware Tools,"{""VMware tools"",""virtual machines"",""Intelligent Infrastructure""}",how-to,admin,"{""familiarity with Intelligent Infrastructure environment"",""basic understanding of virtual machine configuration""}",intermediate,2026-02-02 11:28:14.565604,llama3.1:8b
163,11690,IU Data Protection,"{AllDisks,""backup type"",""Intelligent Infrastructure (II)"",""Data Protection""}",how-to,admin,"{""Interacting with the IU self-service portal"",""Understanding IU's Data Protection options""}",intermediate,2026-02-02 11:28:28.718802,llama3.1:8b
164,9811,SLATE,"{SLATE,""Indiana University"",""storage system""}",reference,faculty,{},unknown,2026-02-02 11:28:38.545027,llama3.1:8b
165,9958,Research Technologies,"{""RT Projects"",""Research Technologies"",""cyberinfrastructure resources"",""project management""}",how-to,unknown,{},intermediate,2026-02-02 11:28:50.25556,llama3.1:8b
166,9853,SLATE-Scratch High Performance File System,"{SLATE-Scratch,""High Performance Storage"",""Indiana University""}",policy,admin,{},unknown,2026-02-02 11:29:01.545963,llama3.1:8b
167,11692,Intelligent Infrastructure Virtual Machines,"{""Intelligent Infrastructure"",""II virtual machines"",""backup type"",""VM protection""}",how-to,admin,"{""Log into the self-service portal"",""Access the Intelligent Infrastructure self-service portal"",""Determine remaining resources in an II resource""}",intermediate,2026-02-02 11:29:17.07741,llama3.1:8b
168,11694,IU Network Configuration,"{DNS,""name servers"",""client configuration"",""IU network""}",reference,unknown,"{""Basic understanding of IU network infrastructure""}",intermediate,2026-02-02 11:29:31.044869,llama3.1:8b
169,3322,SFTP,"{""SSH File Transfer Protocol"",""Secure Shell protocol"",SCP,""file transfer"",""remote file access""}",overview,unknown,{},intermediate,2026-02-02 11:29:42.989204,llama3.1:8b
170,10000,IU Research Cyberinfrastructure,"{""RT Projects"",""Indiana University"",""cyberinfrastructure resources"",""resource allocations""}",overview,unknown,{},intermediate,2026-02-02 11:29:55.45373,llama3.1:8b
171,9880,Sensitive Institutional Data,"{""sensitive institutional data"",PHI,HIPAA,""UITS Research Technologies""}",reference,researcher,"{""Understanding of institutional data classification"",""Familiarity with HIPAA regulations""}",intermediate,2026-02-02 11:29:56.465337,llama3.1:8b
172,10677,IU Policies,"{""Indiana University policies"",""student accounts"",""data retention"",""software usage""}",overview,student,{},intermediate,2026-02-02 11:30:21.574356,llama3.1:8b
173,9965,GIS Services,"{GIS,""IU campuses"",""technical support"",""software installation""}",overview,unknown,{},unknown,2026-02-02 11:30:32.498396,llama3.1:8b
174,2098,File Transfer,"{HTAR,SDA,""file transfer"",archive,encryption,PHI}",how-to,researcher,"{""understanding of SDA account"",""knowledge of file encryption basics""}",intermediate,2026-02-02 11:30:49.134668,llama3.1:8b
175,10228,MySQL,"{MySQL,""account names"",RDC,""access privileges""}",overview,researcher,{},intermediate,2026-02-02 11:30:59.515438,llama3.1:8b
176,10235,Supercomputer Performance and Storage,"{""supercomputer performance"",""storage capacity"",FLOPS,bytes,""orders of magnitude""}",overview,researcher,{},intermediate,2026-02-02 11:31:11.556379,llama3.1:8b
177,10241,Web Accessibility,"{WCAG,""web accessibility"",designers,developers,""information architects""}",overview,general,{},intermediate,2026-02-02 11:31:22.495411,llama3.1:8b
178,10023,Python Programming,"{Virtualenv,conda,""customized Python environment"",""package installation""}",overview,student,"{""basic understanding of Python""}",intermediate,2026-02-02 11:31:35.16601,llama3.1:8b
179,10226,MySQL at IU RDC,"{MySQL,""SSL connections"",""IU RDC"",""encrypted connections""}",overview,unknown,"{""basic understanding of MySQL"",""account setup in IU RDC""}",intermediate,2026-02-02 11:31:48.55691,llama3.1:8b
180,10233,SLURM,"{PCP,""Parallel Command Processor"",""serial jobs"",""job bundling"",""IU research supercomputers""}",how-to,researcher,"{""understanding of IU research supercomputers"",""basic knowledge of job scheduling""}",intermediate,2026-02-02 11:32:03.341472,llama3.1:8b
181,9875,Data Storage,"{""dedicated file storage services"",""IU storage components"",""sensitive institutional data"",""protected health information"",""research data""}",overview,unknown,{},intermediate,2026-02-02 11:32:04.353643,llama3.1:8b
182,10242,Web Accessibility,"{wireframes,""accessibility annotations"",""assistive technology"",""screen readers""}",overview,unknown,"{""basic understanding of web development and accessibility concepts""}",intermediate,2026-02-02 11:32:30.497573,llama3.1:8b
183,10253,Knowledge Base Standards,"{""IU Knowledge Base"",""standard terms"",spellings,capitalization,punctuation}",reference,general,{},beginner,2026-02-02 11:32:42.0056,llama3.1:8b
184,1520,Advanced Computing and Research Outreach,"{""advanced computing"",""research outreach"",training,workshops,seminars,""cyberinfrastructure tours""}",overview,unknown,{},unknown,2026-02-02 11:32:55.098626,llama3.1:8b
185,11701,NTLM Authentication,"{NTLM,NTLMv2,""Local Security Policy"",""registry edit""}",troubleshooting,unknown,"{""Windows authentication"",""IU username and passphrase""}",intermediate,2026-02-02 11:33:08.304539,llama3.1:8b
186,11008,Docker,"{Docker,""container best practices"",""resource limits"",""root user"",""port exposure""}",reference,unknown,"{""understanding of containerization"",""basic knowledge of Docker""}",intermediate,2026-02-02 11:33:21.425598,llama3.1:8b
187,2439,IU Computing Accounts,"{""Indiana University"",""computing accounts"",eligibility,affiliation,""School of Medicine"",collaboration}",reference,faculty,"{""What is IU affiliation"",""Purpose of IU computing account""}",beginner,2026-02-02 11:33:35.642901,llama3.1:8b
189,10265,IU HPC,"{Slack,""Indiana University High-Performance Computing"",""IU email address""}",overview,researcher,{},beginner,2026-02-02 11:33:57.078593,llama3.1:8b
190,10268,SLURM,"{R,""R packages"",CRAN,""IU research supercomputers""}",overview,unknown,"{""basic knowledge of R"",""understanding of IU research supercomputer environment""}",intermediate,2026-02-02 11:34:10.871797,llama3.1:8b
191,10271,R Programming on IU HPC,"{""R programming"",""IU's research supercomputers"",""external dependencies"",""HPC environment""}",troubleshooting,researcher,"{""installing R packages"",""IU's research supercomputers""}",intermediate,2026-02-02 11:34:11.883953,llama3.1:8b
192,11703,Windows Configuration,"{startup,registry,shortcuts,""automatic programs""}",how-to,general,{},intermediate,2026-02-02 11:34:36.260052,llama3.1:8b
193,10273,IUware Software Installation,"{IUware,""software installation"",""research software"",""Common issues"",""installation solutions""}",reference,unknown,{},intermediate,2026-02-02 11:34:50.101773,llama3.1:8b
194,11764,Denodo Scheduler,"{Denodo,scheduler,""job migration"",IU,DEV,STG,PRD}",how-to,researcher,"{""familiarity with Denodo Scheduler"",""access to Solution Manager""}",intermediate,2026-02-02 11:35:06.427653,llama3.1:8b
195,2458,Tableau Server Administration,"{""Tableau Server"",""data connectors"",deprecated}",reference,admin,"{""Understanding Tableau Server setup and configuration""}",intermediate,2026-02-02 11:35:17.723521,llama3.1:8b
196,2452,IU Retirement,"{""IU retirement"",""official IU retirees"",""retiree status and benefits""}",reference,general,"{""understanding of IU policies"",""knowledge of employee benefits""}",unknown,2026-02-02 11:35:30.040084,llama3.1:8b
197,7743,Research Computing,"{""Peebles Memorial Lecture"",""IU Pervasive Technology Institute"",""computing resources"",cyberinfrastructure}",overview,researcher,{},unknown,2026-02-02 11:35:42.099641,llama3.1:8b
198,10274,Scientific Computing,"{""Peebles Memorial Lecture"",""Information Technology"",""Paul Messina"",""Argonne Leadership Computing Facility (ALCF)"",""Scientific computing""}",overview,unknown,{},advanced,2026-02-02 11:35:56.886018,llama3.1:8b
199,10280,SLURM,"{""batch queuing systems"",""shell scripts"",""interactive commands"",""error handling""}",how-to,researcher,"{""understanding shell scripting"",""knowledge of batch queuing systems""}",intermediate,2026-02-02 11:36:10.253938,llama3.1:8b
200,11704,Exchange Online,"{""Exchange Online"",IMAP,""email configuration"",""Two-Step Login (Duo)"",authenticaton}",reference,faculty,{},intermediate,2026-02-02 11:36:22.396293,llama3.1:8b
201,10281,Batch Jobs,"{""batch mode"",""job script"",""shell script""}",overview,general,{},intermediate,2026-02-02 11:36:23.405121,llama3.1:8b
202,11769,Kubernetes Batch Jobs,"{Kubernetes,""Batch Jobs"",""Short-lived tasks"",Jobs,Cronjobs}",overview,unknown,"{""basic knowledge of Kubernetes""}",intermediate,2026-02-02 11:36:47.350546,llama3.1:8b
203,9921,Research Desktop (RED),"{""Research Desktop"",RED,""fair share policy"",""connection policies"",""monthly maintenance window""}",overview,researcher,"{""understanding of Unix/Linux commands"",""familiarity with compute-intensive applications""}",intermediate,2026-02-02 11:37:01.461079,llama3.1:8b
204,1528,Posit Connect,"{""Posit Connect"",R,Python,""interactive applications"",""web deployment""}",overview,faculty,"{""familiarity with R or Python""}",intermediate,2026-02-02 11:37:15.082219,llama3.1:8b
205,10282,Research Technologies,"{""chargeback services"",""research technologies"",policy}",reference,faculty,{},intermediate,2026-02-02 11:37:24.804906,llama3.1:8b
206,1461,Scholarly Data Archive (SDA),"{""Indiana University"",""research data"",archiving,""storage service""}",overview,unknown,{},intermediate,2026-02-02 11:37:36.754541,llama3.1:8b
207,10286,Support Request,"{""support requests"",""Tier 2 Support"",Desktop,Server,Mobility,DSM}",reference,admin,"{""Knowledge of UITS services"",""Understanding of support request process""}",intermediate,2026-02-02 11:37:50.457735,llama3.1:8b
208,10290,IU IT Support,"{IU,UITS,""IT support"",""local support"",""technical assistance""}",overview,unknown,{},intermediate,2026-02-02 11:38:01.817204,llama3.1:8b
209,2128,RADaRS,"{RADaRS,""Indiana University"",""research hub"",""secure research environment"",""dataset access""}",overview,researcher,{},intermediate,2026-02-02 11:38:13.390663,llama3.1:8b
210,10314,Database Backup at IU RDC,"{MySQL,""IU RDC"",""database backup"",mysqldump}",how-to,researcher,"{""understanding of MySQL database management"",""access to IU RDC""}",intermediate,2026-02-02 11:38:27.157994,llama3.1:8b
211,10316,Zoom,"{""Zoom meeting"",""join a meeting"",""IU account""}",how-to,student,"{""Install Zoom on a laptop, desktop, or mobile device"",""Have an IU account""}",intermediate,2026-02-02 11:38:28.166582,llama3.1:8b
212,10326,IU Software Licenses,"{Esri,GIS,""geodatabase management"",""ArcGIS Online""}",overview,researcher,"{""basic knowledge of GIS software""}",intermediate,2026-02-02 11:38:54.267343,llama3.1:8b
213,10329,HIPAA Compliance,"{""Microsoft Teams"",PHI,""HIPAA Security Rule""}",overview,faculty,"{""Understanding HIPAA regulations"",""Basic knowledge of Microsoft Teams""}",intermediate,2026-02-02 11:39:06.259411,llama3.1:8b
214,10334,Microsoft Teams at IU,"{""Microsoft Teams"",""collaboration tool"",""IU students"",faculty,staff,""external users""}",overview,unknown,{},beginner,2026-02-02 11:39:19.104845,llama3.1:8b
215,10335,Zoom Meetings,"{""zoom meetings"",recording,kaltura}",how-to,faculty,"{""using Zoom for videoconferencing"",""Kaltura account setup""}",intermediate,2026-02-02 11:39:31.215593,llama3.1:8b
216,10333,Zoom,"{Zoom,healthcare,HIPAA,PHI,""protected health information""}",overview,faculty,{},intermediate,2026-02-02 11:39:43.504308,llama3.1:8b
217,2408,Microsoft 365 Storage,"{""Microsoft 365"",OneDrive,""storage quotas"",""Indiana University""}",overview,unknown,{},intermediate,2026-02-02 11:39:55.140693,llama3.1:8b
218,10347,Remote Work,"{""remote work"",""working from home"",""technology requirements"",""IU-owned IT devices"",""Endpoint Detection and Response (EDR)"",CrowdStrike,""Windows Defender for Endpoints"",""Virtual Desktop Infrastructure"",IUanyWare}",reference,unknown,{},intermediate,2026-02-02 11:40:14.000513,llama3.1:8b
220,10383,Job Opportunities,"{""IU Bloomington"",""IU Indianapolis"",""UITS Support Center"",""job opportunities"",""consultant position""}",reference,admin,{},unknown,2026-02-02 11:40:35.946576,llama3.1:8b
221,10033,IU Accounts,"{""IU accounts"",""account types"",""account eligibility""}",overview,unknown,{},intermediate,2026-02-02 11:40:36.95606,llama3.1:8b
222,10458,HPSS and Data Transfer,"{""hpss_WriteList error -116"",""htar with SDA at IU"",""PHI encryption"",SFTP/SCP,""IU Globus Web App"",""HIPAA-regulated data""}",troubleshooting,researcher,"{""understanding of HIPAA regulations for PHI data"",""experience with SDA at IU and HPSS""}",intermediate,2026-02-02 11:41:08.398006,llama3.1:8b
223,11711,IU Account Security,"{""Indiana University account"",""foreign login alerts"",""University Information Security Office""}",how-to,student,{},beginner,2026-02-02 11:41:19.12159,llama3.1:8b
224,11713,IU Computing Systems,"{""IT Notices"",Status.IU,""UITS Support Center"",""Indiana University computing systems""}",overview,faculty,{},intermediate,2026-02-02 11:41:30.3835,llama3.1:8b
225,11714,IT Notices,"{""IT Notices"",Status.IU,""Indiana University computing systems"",""planned maintenance windows""}",overview,general,{},unknown,2026-02-02 11:41:43.182769,llama3.1:8b
226,10244,IU Knowledge Base Policies,"{""IU Knowledge Base"",terminology,spellings,capitalization,punctuation}",reference,general,{},beginner,2026-02-02 11:41:54.641917,llama3.1:8b
227,10388,Travel Security,"{""travel security"",""IT security checklist"",""general security"",email,""remote file access"",""powering devices"",""mobile and wireless devices"",laptops}",how-to,unknown,"{""basic understanding of IT security"",""familiarity with Duo Two-Step Login""}",intermediate,2026-02-02 11:42:14.154431,llama3.1:8b
228,10400,Zoom Meetings,"{Zoom,""meeting settings"",""standard meetings""}",overview,general,{},intermediate,2026-02-02 11:42:23.739312,llama3.1:8b
229,10406,Microsoft Information Protection,"{""sensitivity labels"",MIP,""Microsoft Information Protection""}",overview,researcher,{},intermediate,2026-02-02 11:42:34.189731,llama3.1:8b
230,10411,Learning Commons,"{""Indiana University Libraries"",""University Information Technology Services (UITS)"",""Herman B Wells Library""}",overview,student,{},unknown,2026-02-02 11:42:45.108499,llama3.1:8b
231,10413,Data Center Operations,"{""Indiana University Data Center"",""IU Data Center"",""UITS staff"",""equipment installation"",""data center access"",""operational procedures""}",overview,admin,{},intermediate,2026-02-02 11:42:46.121774,llama3.1:8b
232,10288,Zoom,"{zoom,desktop,mobile,""video conferencing""}",overview,general,{},beginner,2026-02-02 11:43:09.958555,llama3.1:8b
233,11724,IU Workstation Authentication,"{""IU workstation"",authentication,""certificate request""}",how-to,unknown,"{""domain-joined computer"",""domain user account""}",intermediate,2026-02-02 11:43:22.671568,llama3.1:8b
234,11725,IU IPsec Certificates,"{""IU IPsec certificate"",""offline request""}",how-to,faculty,"{""domain-joined computer"",""domain user account"",""UITS required workstation naming conventions""}",intermediate,2026-02-02 11:43:35.538154,llama3.1:8b
235,11726,Domain and Network Management,"{""IP address"",""domain name"",""system administrators"",""network responsibility""}",how-to,unknown,{},intermediate,2026-02-02 11:43:46.754585,llama3.1:8b
236,10429,SDA Connectivity Issues,"{SDA,""Scholarly Data Archive"",""connectivity issues"",""IU network""}",troubleshooting,student,"{""basic computer skills"",""familiarity with IU network""}",beginner,2026-02-02 11:44:00.233725,llama3.1:8b
237,10431,Scholarly Data Archive,"{""Archive directories"",SDA,""Data Storage"",""Tape-based backend""}",overview,researcher,{},intermediate,2026-02-02 11:44:11.627264,llama3.1:8b
238,11012,Accessible Documents in Canvas,"{Canvas,Accessibility,""PDF documents""}",how-to,faculty,"{""understanding of Canvas LMS""}",intermediate,2026-02-02 11:44:22.663131,llama3.1:8b
239,10434,File Transfer,"{""file transfer"",SFTP/SCP,""IU Globus Web App"",""HIPAA-regulated PHI"",""data encryption""}",how-to,admin,"{""file encryption methods"",""HIPAA regulations""}",intermediate,2026-02-02 11:44:36.572285,llama3.1:8b
240,10441,HIPAA Compliance,"{PHI,encryption,HSI,SFTP/SCP,""IU Globus Web App""}",troubleshooting,faculty,"{""HIPAA regulations"",""data encryption methods""}",intermediate,2026-02-02 11:44:50.133991,llama3.1:8b
241,10446,File Transfer,"{""Error -1 on transfer"",""Error -50 on transfer"",HSI,""IU SDA"",SFTP/SCP,""IU Globus Web App"",""HIPAA-regulated PHI""}",troubleshooting,faculty,"{""Understanding HIPAA regulations"",""Knowledge of IU storage systems"",""Experience with HSI or file transfer protocols""}",intermediate,2026-02-02 11:44:51.147417,llama3.1:8b
242,10451,File Transfer,"{""HSI/HTAR transfers"",""IU Scholarly Data Archive"",""firewall protection"",""HIPAA-regulated PHI"",SFTP/SCP,""IU Globus Web App""}",reference,unknown,"{""understanding of HIPAA regulations"",""knowledge of IU's Scholarly Data Archive""}",intermediate,2026-02-02 11:45:28.884063,llama3.1:8b
243,3280,Data Security and Compliance,"{""IU Scholarly Data Archive"",""Class of Service (CoS)"",PHI,HIPAA,Encryption,SFTP/SCP,""IU Globus Web App""}",how-to,faculty,"{""Understanding IU's Data Security Policy""}",intermediate,2026-02-02 11:45:46.263609,llama3.1:8b
244,10445,SDA Account Access,"{HSI,""IU SDA account"",SFTP/SCP,""IU Globus Web App"",""PHI encryption""}",reference,unknown,"{""understanding of IU's HSI system""}",intermediate,2026-02-02 11:46:03.83566,llama3.1:8b
245,10460,SDA File Transfer,"{""Indiana University Scholarly Data Archive"",SDA,""file transfer"",""staging files""}",how-to,faculty,"{""understanding of SDA file storage and retrieval process""}",intermediate,2026-02-02 11:46:17.145623,llama3.1:8b
246,10462,HSI Backup,"{HSI,backup,""data encryption"",PHI,HIPAA}",troubleshooting,faculty,"{""understanding of HSI backup process"",""familiarity with data encryption methods""}",intermediate,2026-02-02 11:46:31.12468,llama3.1:8b
247,10438,Storage Management,"{""Scholarly Data Archive"",""SDA account"",HSI,""du command""}",how-to,unknown,"{""access to SDA account"",""familiarity with HSI""}",intermediate,2026-02-02 11:46:44.925999,llama3.1:8b
248,3284,Scholarly Data Archive Policies,"{""scholarly data archive"",""terms of service"",policies}",reference,faculty,{},expert,2026-02-02 11:46:55.809081,llama3.1:8b
249,3282,Research Data Services,"{""Scholarly Data Share"",""SDS service"",""UITS Research Data Services team"",""Scholarly Data Archive"",""data-sharing service""}",overview,researcher,{},intermediate,2026-02-02 11:47:09.072104,llama3.1:8b
250,10490,Web Security Policy,"{""web security policy"",""information technology policies"",""web server administrators"",""authentication and authorization"",""data protection"",""scans and log monitoring""}",reference,admin,{},intermediate,2026-02-02 11:47:23.531886,llama3.1:8b
251,10469,Data Storage and Integrity,"{""data integrity"",""Indiana University"",IU,SDA,""Scholarly Data Archive"",HPSS}",overview,unknown,"{""understanding of IU research computing and storage systems""}",intermediate,2026-02-02 11:47:24.545479,llama3.1:8b
252,10475,Indiana Spatial Data Portal (ISDP) Usage,"{ISDP,""download issues"",troubleshooting,""GIS Help""}",troubleshooting,general,"{""understanding of ISDP interface and basic GIS concepts""}",intermediate,2026-02-02 11:47:52.051344,llama3.1:8b
253,10442,IU Research Computing,"{""Indiana University"",""Research Technologies"",""Scholarly Data Archive"",SFTP,SCP}",how-to,researcher,"{""Understanding sensitive institutional data at IU""}",intermediate,2026-02-02 11:48:04.940006,llama3.1:8b
254,10480,Kerberos Keytabs,"{keytabs,Kerberos,authentication,""IU SDA"",""Scholarly Data Archive""}",how-to,researcher,"{""basic understanding of Kerberos and authentication methods"",""knowledge of IU SDA and its services""}",intermediate,2026-02-02 11:48:22.408399,llama3.1:8b
255,10439,IU Computing Accounts,"{""Indiana University"",""Scholarly Data Archive (SDA)"",""computing accounts"",""research system accounts""}",how-to,unknown,"{""Computing accounts at IU"",""Get additional IU computing accounts""}",intermediate,2026-02-02 11:48:36.786939,llama3.1:8b
256,10487,Research Computing Accounts,"{""research computing accounts"",""IU research supercomputers"",""UITS Research Technologies""}",overview,researcher,{},beginner,2026-02-02 11:48:48.749237,llama3.1:8b
257,11729,Adobe Creative Cloud,"{""Adobe Creative Cloud"",""Adobe Acrobat"",IUanyWare,""sign in"",""sign out""}",how-to,student,"{""IU username"",passphrase,""IUanyWare access""}",beginner,2026-02-02 11:49:02.447682,llama3.1:8b
258,10341,Zoom at IU,"{Zoom,IU,""software update""}",overview,faculty,{},beginner,2026-02-02 11:49:12.005671,llama3.1:8b
259,11730,Adobe Software Management,"{Adobe,""Creative Cloud"",""software management""}",overview,student,"{""IU's Adobe Creative Cloud license"",""concurrent active instances of Creative Cloud""}",intermediate,2026-02-02 11:49:24.153755,llama3.1:8b
260,10517,Cloud Storage Comparison,"{""cloud storage"",""IU cloud services"",""google my drive"",""microsoft onedrive"",accessibility,""screen readers""}",overview,unknown,"{""basic understanding of cloud storage concepts"",""familiarity with accessibility considerations""}",intermediate,2026-02-02 11:49:39.845347,llama3.1:8b
261,11732,Adobe Software,"{""Adobe Creative Cloud"",""Indiana University"",Licensing,Installation}",overview,general,{},unknown,2026-02-02 11:49:40.85892,llama3.1:8b
262,10527,Google Storage and Security,"{Google,""IU Secure Storage"",""data protection"",""folder ownership"",""shared storage""}",reference,faculty,"{""understanding of Google Drive"",""knowledge of IU's Google platform limitations""}",intermediate,2026-02-02 11:50:04.345565,llama3.1:8b
263,10530,IT Equipment Order Form,"{""IU School of Medicine"",""IT Equipment Order form"",""lifecycle funding"",""Dell Latitude 7440 laptop"",""WD22TB4 docking station""}",overview,faculty,{},intermediate,2026-02-02 11:50:17.902914,llama3.1:8b
264,10532,IT Equipment Order Form,"{""IT equipment"",""order form"",""lifecycle requests""}",overview,general,{},beginner,2026-02-02 11:50:28.068867,llama3.1:8b
265,10941,MySQL RDC Connection,"{ODBC,MySQL,""IU RDC"",Windows}",how-to,unknown,"{""basic knowledge of MySQL"",""remote database connection""}",intermediate,2026-02-02 11:50:40.806333,llama3.1:8b
266,11719,IU Network Management,"{""Rogue DHCP Servers"",""IU Network"",UITS}",overview,admin,"{""basic knowledge of networking""}",intermediate,2026-02-02 11:50:51.903766,llama3.1:8b
267,10944,Data Virtualization at IU,"{Denodo,""data virtualization"",""data integration"",IU}",overview,unknown,{},intermediate,2026-02-02 11:51:03.898337,llama3.1:8b
268,10535,Collaboration Tools,"{""whiteboard tools"",""IU collaboration software"",""Microsoft Whiteboard"",""Zoom Whiteboard""}",overview,faculty,{},intermediate,2026-02-02 11:51:15.161039,llama3.1:8b
269,10539,IU Common Build,"{Apple,macOS,""IU Common Build""}",how-to,admin,"{macOS,""IU Common Build setup""}",intermediate,2026-02-02 11:51:26.592704,llama3.1:8b
270,10554,Cloud Storage,"{""IU Cloud Storage"",""individual storage"",""institutional storage"",""Microsoft Teams"",""Google Drive""}",how-to,student,"{""IUanyWare Desktop access"",""IU account setup""}",intermediate,2026-02-02 11:51:39.838807,llama3.1:8b
271,10495,File Upload,"{""Microsoft Forms"",""Google Forms"",OneDrive,""Google My Drive""}",how-to,researcher,"{""IU Microsoft 365 or Google at IU accounts""}",intermediate,2026-02-02 11:51:40.853104,llama3.1:8b
272,10560,IU Learning Tools,"{accessibility,privacy,""IU learning tools"",""Quality Matters""}",overview,unknown,{},beginner,2026-02-02 11:52:05.672778,llama3.1:8b
273,10567,Microsoft Teams File Management,"{""File visibility"",""Microsoft Teams"",""SharePoint Online""}",overview,general,{},intermediate,2026-02-02 11:52:16.014191,llama3.1:8b
274,10568,Service Routing,"{""Advanced Diagnostics"",ServiceNow,routing,""service support""}",overview,admin,{},intermediate,2026-02-02 11:52:26.545277,llama3.1:8b
275,11041,UITS Staff Management,"{""UITS staff"",permissions,units,people,""IT leaders""}",overview,admin,{},intermediate,2026-02-02 11:52:37.512148,llama3.1:8b
276,11049,Disability Support,"{disabilities,accommodations,students,testing,proctoring,""computerized assistance"",""classroom accommodations""}",overview,student,{},unknown,2026-02-02 11:52:51.876732,llama3.1:8b
277,10576,ArcGIS_Pro,"{""ArcGIS Pro"",IUanyWare,""Citrix Workspace"",""file management""}",reference,student,"{""Set up and use IUanyWare"",""Understanding of Citrix Workspace basics""}",intermediate,2026-02-02 11:53:05.431244,llama3.1:8b
309,10733,Troubleshooting Classroom Technology,"{troubleshooting,""classroom technology"",""collaboration technologies"",""learning spaces""}",troubleshooting,faculty,{},beginner,2026-02-02 11:59:40.997449,llama3.1:8b
278,10577,File Sharing and Collaboration,"{""IU Secure Storage"",""Microsoft at IU Secure Storage"",""Google at IU Secure Storage"",""institutional data""}",overview,researcher,{},intermediate,2026-02-02 11:53:18.759616,llama3.1:8b
279,10580,Azure Active Directory,"{""Microsoft Entra ID"",""Azure Active Directory"",AAD,""Microsoft 365 service policies"",IU}",reference,admin,"{""general knowledge of Azure Active Directory""}",intermediate,2026-02-02 11:53:31.686247,llama3.1:8b
280,10593,Microsoft Storage,"{permissions,""Microsoft Storage"",""folder-level permissions"",""team-level permissions""}",overview,researcher,"{""understanding Microsoft OneDrive at IU"",""knowledge of Microsoft Teams at IU""}",intermediate,2026-02-02 11:53:44.886844,llama3.1:8b
281,2456,Campus Wireless Network,"{""IU VPN"",""SSL VPN"",""campus wireless network"",""group accounts"",""network policy""}",policy,faculty,{},unknown,2026-02-02 11:53:45.900265,llama3.1:8b
282,10597,Microsoft Teams Call Quality Dashboard,"{""Microsoft Teams"",""Call Quality Dashboard"",IUanyWare,Windows,""Power BI Desktop""}",reference,admin,"{""Microsoft Teams setup"",""Teams admin roles and permissions""}",intermediate,2026-02-02 11:54:14.238689,llama3.1:8b
283,10598,Cloud Storage Migration,"{""Google Cloud"",""Microsoft Storage"",""Manual Migration"",IUanyWare}",how-to,faculty,"{""Determine whether your files are individual (personal) or institutional""}",intermediate,2026-02-02 11:54:28.933992,llama3.1:8b
284,10601,University Administrative (UA) Lifecycle Requests,"{""University Administrative (UA) Lifecycle Request form"",""computer lifecycle requests"",""new computer requests"",""individual equipment requests""}",overview,admin,{},beginner,2026-02-02 11:54:41.430824,llama3.1:8b
285,10603,Mobile Device Configuration,"{""mobile device"",""IU passphrase"",""Acceptable Use Agreement""}",reference,student,"{""Your responsibilities as a computer user at IU""}",beginner,2026-02-02 11:54:52.945355,llama3.1:8b
286,2363,MPI,"{MPI,I/O,""parallel computing"",supercomputing,""IU research supercomputers""}",how-to,researcher,"{""basic understanding of parallel computing"",""familiarity with MPI""}",advanced,2026-02-02 11:55:06.502108,llama3.1:8b
287,2301,IU Infrastructure,"{""server co-location"",""Indiana University Data Centers"",UITS}",reference,admin,{},intermediate,2026-02-02 11:55:16.673545,llama3.1:8b
288,10519,Microsoft Teams File Sharing,"{""Microsoft Teams"",""file sharing"",""storage locations"",""channel conversations"",""direct messages"",""meeting recordings""}",overview,general,{},unknown,2026-02-02 11:55:28.570086,llama3.1:8b
289,11733,Access Control Management,"{ACM,""mail-enabled group"",""Active Directory""}",how-to,admin,"{""Create, edit, or delete Access Control Management (ACM) groups"",""Access Control Management (ACM) basics""}",intermediate,2026-02-02 11:55:42.610471,llama3.1:8b
290,11735,IU Executive Support,"{""Executive Technology Support"",""Internal IT Support"",""IU Administration""}",overview,admin,{},unknown,2026-02-02 11:55:52.664664,llama3.1:8b
291,11739,IU Common Build,"{""IU Common Build"",""iPad enrollment"",""Apple School Manager"",""device security""}",how-to,faculty,"{""computer naming convention"",""device requirements""}",intermediate,2026-02-02 11:55:53.677604,llama3.1:8b
292,10614,Microsoft Teams at IU,"{""Microsoft Teams"",IU,""Teams Calls"",""Office Telephone Service""}",reference,unknown,{},intermediate,2026-02-02 11:56:18.577124,llama3.1:8b
293,11050,Accessibility at IU,"{""Indiana University"",""disability resources"",""assistive technology"",""accessibility centers""}",overview,general,{},unknown,2026-02-02 11:56:29.398302,llama3.1:8b
294,10623,Microsoft Authentication,"{""Microsoft 365"",Azure,""IU Login"",""Microsoft authentication"",""account security settings""}",overview,unknown,{},intermediate,2026-02-02 11:56:41.277798,llama3.1:8b
295,10626,GIS Services at IU,"{Esri,IU,maps,data,GIS}",overview,student,{},intermediate,2026-02-02 11:56:53.496811,llama3.1:8b
296,10628,IU Self Service,"{""IU Self Service"",""Jamf Pro"",""Apple devices"",""macOS systems"",""Common Build"",""application catalog""}",overview,unknown,"{""Basic computer knowledge"",""Familiarity with IU technology""}",intermediate,2026-02-02 11:57:09.517722,llama3.1:8b
297,11743,IU Common Build,"{""IU Common Build"",macOS,""endpoint management""}",overview,admin,{},intermediate,2026-02-02 11:57:19.555918,llama3.1:8b
298,10630,Research and Academic LLM Services (REALLMS),"{LLM,""chat service"",""Indiana University community"",""Open WebUI AI platform"",""vLLM backend""}",overview,researcher,{},intermediate,2026-02-02 11:57:34.37453,llama3.1:8b
299,11294,IU Tools,"{""Genio Notes"",Glean,""note-taking tool"",""study aid""}",overview,student,{},beginner,2026-02-02 11:57:45.15254,llama3.1:8b
300,10642,Microsoft 365,"{""Microsoft 365"",""IU subscription"",""Microsoft software"",""personal computers"",macOS,Windows}",overview,student,{},beginner,2026-02-02 11:57:58.686101,llama3.1:8b
301,10643,Microsoft 365,"{""Microsoft 365"",security,""Exchange Online"",""Safe Links"",""Safe Attachments""}",overview,admin,{},intermediate,2026-02-02 11:57:59.699139,llama3.1:8b
302,10331,Microsoft Teams at IU,"{IU,""Microsoft Teams"",""best practices""}",overview,faculty,{},intermediate,2026-02-02 11:58:20.466358,llama3.1:8b
303,10648,Google at IU,"{google,""iu account"",""leaving iu""}",overview,unknown,"{""IU Google Account setup""}",intermediate,2026-02-02 11:58:31.57912,llama3.1:8b
304,10650,Cloud Computing,"{""cloud computing"",IaaS,PaaS,SaaS,""private clouds"",""public clouds"",""hybrid clouds""}",overview,student,{},intermediate,2026-02-02 11:58:44.020288,llama3.1:8b
305,10654,Data Security,"{Varonis,""data security"",""governance platform"",""Indiana University"",""institutional data""}",overview,researcher,"{""information security"",""university policy""}",intermediate,2026-02-02 11:58:58.315621,llama3.1:8b
306,10681,Kaltura,"{Kaltura,IU,MediaSpace}",reference,faculty,{},intermediate,2026-02-02 11:59:08.014183,llama3.1:8b
307,10720,Power BI,"{""Power BI"",""Microsoft Power BI"",""Business Analytics""}",overview,general,{},beginner,2026-02-02 11:59:17.900942,llama3.1:8b
308,10724,IUanyWare,"{Citrix,IUanyWare,""known issues"",workarounds}",reference,unknown,{},intermediate,2026-02-02 11:59:29.148934,llama3.1:8b
310,10739,Data Security,"{""international travel"",""data security"",""campus community"",""export restrictions"",""import restrictions""}",overview,unknown,{},intermediate,2026-02-02 11:59:52.515059,llama3.1:8b
311,10742,Accessibility,"{IU,""Indiana University"",""Accessibility resources"",""Assistive technologies"",""Campus resources""}",reference,unknown,{},beginner,2026-02-02 11:59:53.528409,llama3.1:8b
312,10837,Data Management at IU,"{""transcription services"",""institutional data"",IU}",reference,admin,"{""data management standards"",""IU policies and regulations""}",intermediate,2026-02-02 12:00:17.825782,llama3.1:8b
313,10853,Canvas Integration,"{Canvas,""LTI tools"",""external apps"",""IU Canvas"",integration}",overview,faculty,"{""basic knowledge of Canvas""}",intermediate,2026-02-02 12:00:29.467029,llama3.1:8b
314,10931,Geode-Project Allocation Management,"{Geode-Project,""access management"",Windows,""AD groups""}",overview,researcher,"{""Understanding of Research Technologies services"",""Basic knowledge of IU's research supercomputers""}",intermediate,2026-02-02 12:00:43.443478,llama3.1:8b
315,10933,RT Projects,"{Geode-Project,allocation,""RT Projects""}",overview,faculty,"{""What is an RT Project"",""Understanding allocations""}",intermediate,2026-02-02 12:00:54.955856,llama3.1:8b
316,11750,Administrative Access,"{""administrative access"",""faculty computers"",""staff computers"",""IU policies"",""safe computing"",""best practices""}",policy,unknown,{},intermediate,2026-02-02 12:01:08.828675,llama3.1:8b
317,10985,VDI Computer Configuration,"{""Presenter Mode"",""VDI machine"",""Display Configurator"",adavana}",how-to,unknown,{},intermediate,2026-02-02 12:01:20.362514,llama3.1:8b
318,11753,Microsoft Exchange Online,"{""Exchange Online"",""iOS Configuration"",iPhone,iPad,""Outlook App""}",how-to,student,"{""email account"",""IU login credentials""}",intermediate,2026-02-02 12:01:34.232464,llama3.1:8b
319,11757,IUIE Job Scheduling,"{IUIE,""scheduled report"",""job scheduling"",""database down""}",troubleshooting,admin,"{""IUIE job scheduling basics""}",intermediate,2026-02-02 12:01:48.080637,llama3.1:8b
320,10937,SLURM,"{""MS Query"",MySQL,""IU RDC""}",how-to,student,"{""Excel basics"",""Microsoft Query fundamentals""}",intermediate,2026-02-02 12:01:59.453722,llama3.1:8b
321,11761,IUIE (Interactive UI Environment),"{IUIE,""Quick View"",""scheduled reports""}",overview,faculty,"{""My Catalog"",""Completed Reports"",""scheduled jobs""}",intermediate,2026-02-02 12:02:00.467625,llama3.1:8b
322,10942,Denodo,"{Denodo,""data virtualization"",integration,caching,""performance optimization""}",how-to,unknown,"{""familiarity with Denodo"",""understanding of data virtualization concepts""}",intermediate,2026-02-02 12:02:26.217991,llama3.1:8b
323,10945,IU RDC Policies,"{""IU RDC"",""research database complex"",MySQL,PostgreSQL,""database security"",accounts}",reference,unknown,{},intermediate,2026-02-02 12:02:38.461927,llama3.1:8b
324,10946,Kubernetes Hosting,"{SiteKube,AppKube,""Kubernetes hosting"",""security needs"",""WCMS sites"",""dynamic applications""}",overview,admin,"{Kubernetes,containerization}",intermediate,2026-02-02 12:02:53.567029,llama3.1:8b
325,10951,SQL,"{""Structured Query Language"",""database query language"",""ANSI standard"",""ISO standard""}",overview,student,{},intermediate,2026-02-02 12:03:04.251163,llama3.1:8b
326,10953,Web Hosting Migration,"{SiteKube,Sitehost,""web hosting migration""}",how-to,admin,"{""Basic knowledge of web hosting and site maintenance""}",intermediate,2026-02-02 12:03:16.024859,llama3.1:8b
327,10968,Windows Hosting Environment,"{""Windows Hosting Environment"",""University Information Technology Services"",""service agreement""}",reference,admin,{},unknown,2026-02-02 12:03:26.206711,llama3.1:8b
328,2311,Tableau,"{Tableau,""visualization software"",""data analysis""}",overview,unknown,{},intermediate,2026-02-02 12:03:36.342653,llama3.1:8b
329,10981,Accessibility,"{IU,""Indiana University"",""Assistive Technology and Accessibility Centers (ATAC)"",""textbook formats"",""alternative media""}",overview,faculty,{},beginner,2026-02-02 12:03:48.395746,llama3.1:8b
330,10982,Data Virtualization,"{Denodo,""REST APIs"",""data virtualization""}",overview,admin,{},intermediate,2026-02-02 12:03:58.512284,llama3.1:8b
331,10987,Email Security,"{phishing,scams,""email security"",""social engineering""}",overview,general,{},beginner,2026-02-02 12:03:59.525498,llama3.1:8b
332,10996,Microsoft Power Platform,"{""Microsoft Power Platform"",""licensing options"",""Power BI""}",overview,faculty,{},intermediate,2026-02-02 12:04:21.967444,llama3.1:8b
333,11055,Student Accounts,"{""student accounts"",""IU campus transfer"",""study abroad"",""active military service""}",overview,student,{},intermediate,2026-02-02 12:04:32.741839,llama3.1:8b
334,11056,IU Computing Accounts,"{""Indiana University"",""employee computing accounts"",""leaving IU"",""job termination""}",overview,faculty,{},intermediate,2026-02-02 12:04:43.791207,llama3.1:8b
335,11059,Stellic,"{Stellic,""quick start guide"",""academic plan"",""IU Columbus"",""IU East"",""IU Fort Wayne"",""IU Kokomo"",""IU Northwest"",""IU South Bend"",""IU Southeast""}",overview,student,{none},beginner,2026-02-02 12:04:59.316462,llama3.1:8b
336,11073,Stellic at IU,"{stellic,iu,""course management"",requirements,""progress tracking""}",overview,student,{},beginner,2026-02-02 12:05:10.628106,llama3.1:8b
337,11089,Student Registration,"{Stellic,""IU courses registration"",""SIS Student Center""}",how-to,student,"{""understanding of IU course registration process""}",beginner,2026-02-02 12:05:22.391321,llama3.1:8b
338,11094,Content Creation,"{""KB contributor style guide"",""Knowledge-Centered Service"",KCS}",reference,admin,{},intermediate,2026-02-02 12:05:32.831696,llama3.1:8b
339,11105,Course Registration,"{""course changes"",registration,Stellic,""SIS Student Center""}",how-to,student,{},intermediate,2026-02-02 12:05:43.755957,llama3.1:8b
340,11127,Student Center,"{""Student Center"",""IU Columbus"",""IU East"",Stellic}",overview,student,{},beginner,2026-02-02 12:05:54.390419,llama3.1:8b
341,11113,Academic Planning,"{""Degree Maps"",Stellic,""SIS Student Center""}",overview,student,{},intermediate,2026-02-02 12:05:55.403474,llama3.1:8b
342,11312,Accessibility,"{VoiceOver,""screen reader software"",macOS,""STC computing labs""}",how-to,student,"{""basic computer skills"",""familiarity with macOS""}",beginner,2026-02-02 12:06:19.19871,llama3.1:8b
343,10613,Office Message Encryption,"{""OME encryption"",""IU Exchange"",""message encryption"",""email encryption""}",how-to,unknown,"{""Understanding of IU Exchange""}",intermediate,2026-02-02 12:06:33.277346,llama3.1:8b
344,11131,Student Registration,"{""student center"",stellic,""sis student center"",""iu bloomington"",""iu indianapolis""}",overview,student,{},beginner,2026-02-02 12:06:44.988628,llama3.1:8b
345,11758,IUIE Reporting,"{IUIE,reporting,""running reports"",""scheduling reports""}",how-to,general,{},intermediate,2026-02-02 12:06:56.201948,llama3.1:8b
346,11137,Two-Step Login (Duo),"{""Two-Step Login"",Duo,""lost or stolen device"",""account recovery""}",troubleshooting,student,{},beginner,2026-02-02 12:07:08.41611,llama3.1:8b
347,11139,IU Virus Scanning,"{""virus scanning"",""removable media"",""Indiana University"",STCs}",overview,unknown,{},intermediate,2026-02-02 12:07:19.803812,llama3.1:8b
348,11154,IU Computing Labs,"{""Indiana University"",""Computing Labs"",""IU STCs""}",reference,unknown,{},unknown,2026-02-02 12:07:30.24282,llama3.1:8b
349,11165,IU Blogs,"{""IU Blogs"",Edublogs,CampusPress,blogging}",overview,unknown,{},intermediate,2026-02-02 12:07:41.309037,llama3.1:8b
350,11174,HIPAA Training,"{HIPAA,""HIPAA Security Rule"",PHI,""OVPIT staff""}",overview,admin,{},unknown,2026-02-02 12:07:52.303982,llama3.1:8b
351,11180,Microsoft 365 Security,"{""expired certificates"",""digitally signed mail"",""Exchange Online"",""IU security features""}",reference,unknown,{},intermediate,2026-02-02 12:07:53.317339,llama3.1:8b
352,11183,IU REDCap,"{""data collection instruments"",""form editor"",""Data Dictionary"",""IU REDCap""}",how-to,researcher,"{""understanding of IU REDCap basics""}",intermediate,2026-02-02 12:08:16.754019,llama3.1:8b
353,11789,OnBase Unity Client,"{""Unity client"",""home page"",""Retrieval screen"",""Custom Queries"",""File Cabinets"",""Batch Scanning"",""Batch Processing"",Workflow}",how-to,unknown,{},beginner,2026-02-02 12:08:30.445257,llama3.1:8b
354,11410,Web Development,"{SEO,""IU websites"",""Digital Strategy Initiative""}",overview,unknown,{},intermediate,2026-02-02 12:08:40.333721,llama3.1:8b
355,2396,IU REDCap Project Management,"{development,production,""project status"",""IU REDCap""}",overview,researcher,"{""Understanding IU REDCap basics"",""Creating a new project in IU REDCap""}",intermediate,2026-02-02 12:08:53.673426,llama3.1:8b
356,11775,SLURM,"{""cron jobs"",AppKube,""web application developers"",""maintenance tasks"",""background processes""}",how-to,unknown,"{Linux,""basic shell scripting""}",intermediate,2026-02-02 12:09:08.242525,llama3.1:8b
357,11779,Student Appointment Scheduler,"{""Student Appointment Scheduler"",""appointment availability"",""calendar management""}",how-to,unknown,{},intermediate,2026-02-02 12:09:19.019191,llama3.1:8b
358,11783,Data Delivery PDQ,"{PDQ,""Data Delivery PDQ application"",""IUIE PDQ report migration""}",overview,faculty,"{""understanding of IUIE PDQ reports"",""familiarity with Data Delivery PDQ system""}",intermediate,2026-02-02 12:09:33.528113,llama3.1:8b
359,11776,AppKube,"{AppKube,""web applications"",""IU web apps""}",how-to,unknown,{},intermediate,2026-02-02 12:09:44.296129,llama3.1:8b
360,11186,REDCap,"{""IU REDCap"",""data logging tool"",""audit trail"",""data log""}",overview,researcher,{},intermediate,2026-02-02 12:09:55.363673,llama3.1:8b
361,11188,REDCap Project Management,"{""IU REDCap"",""Production status"",""Online Form Editor""}",how-to,unknown,"{""Basic understanding of IU REDCap project management"",""Knowledge of online form editor interface""}",intermediate,2026-02-02 12:09:56.376546,llama3.1:8b
362,11314,IU Active Directory,"{""IU Active Directory"",""published printers"",""printers in Active Directory""}",how-to,unknown,"{""Active Directory Users and Computers snap-in"",""IU Active Directory setup""}",intermediate,2026-02-02 12:10:23.099374,llama3.1:8b
363,11190,IU REDCap,"{""Data Dictionary"",REDCap,""data collection instruments""}",how-to,researcher,"{""understanding of IU REDCap and data collection instruments""}",intermediate,2026-02-02 12:10:35.325198,llama3.1:8b
364,1422,University Information Technology Services,"{UITS,""Indiana University"",""info tech support""}",overview,general,{},unknown,2026-02-02 12:10:45.353263,llama3.1:8b
365,11192,IU REDCap,"{""longitudinal projects"",""data collection"",""multiple data entry forms"",time-points}",overview,researcher,"{""traditional data collection in IU REDCap"",""data dictionaries""}",intermediate,2026-02-02 12:10:58.446247,llama3.1:8b
366,11194,IU REDCap,"{""IU REDCap"",""Indiana CTSI"",""technical support""}",overview,unknown,{},beginner,2026-02-02 12:11:09.213081,llama3.1:8b
367,11196,REDCap,"{""data import"",""data export"",""IU REDCap"",""sensitive institutional data""}",how-to,researcher,"{""Types of sensitive institutional data appropriate for UITS Research Technologies services""}",intermediate,2026-02-02 12:11:22.525413,llama3.1:8b
368,10385,IU Job Opportunities,"{""IU Bloomington"",""IU Indianapolis"",""job opportunities"",""customer service"",""technical skills""}",overview,general,{},unknown,2026-02-02 12:11:33.705434,llama3.1:8b
369,1431,IU Accounts,"{""IU username"",""IU email address"",""University account"",""account access""}",overview,unknown,{},beginner,2026-02-02 12:11:46.060744,llama3.1:8b
370,11198,REDCap,"{""IU REDCap"",""REDCap 15.5"",""Redcap Release Notes"",""collaboration tools""}",overview,researcher,{},intermediate,2026-02-02 12:11:59.574468,llama3.1:8b
371,11205,IU Email Forwarding,"{""IU email"",""email forwarding"",""Microsoft Outlook"",""Outlook on the web""}",overview,student,{},beginner,2026-02-02 12:12:00.587588,llama3.1:8b
372,11351,IMU Campus Link Computers,"{IMU,""Campus Link"",computers,""UITS STC PC build""}",reference,general,{},unknown,2026-02-02 12:12:22.72661,llama3.1:8b
373,11209,Adobe Creative Cloud Storage,"{""Adobe Creative Cloud"",""data storage"",""institutional data"",""regulated data"",HIPAA,FERPA}",overview,unknown,{},intermediate,2026-02-02 12:12:35.565912,llama3.1:8b
374,11210,FireForm,"{FireForm,""business process management"",""data classification"",""compliance requirements""}",overview,admin,{},intermediate,2026-02-02 12:12:46.246085,llama3.1:8b
375,4080,IU VPN,"{""IU VPN"",""virtual private network"",""encrypted tunnel"",""secure remote access""}",overview,unknown,{},intermediate,2026-02-02 12:12:57.209253,llama3.1:8b
376,11212,Canvas File Management,"{Canvas,""file repository"",""storage quotas"",""institutional data"",""Files tool""}",overview,faculty,{},intermediate,2026-02-02 12:13:08.380821,llama3.1:8b
377,11215,EITS Workstation Builds,"{EITS,workstation,builds,macOS,Windows,UITS}",overview,faculty,{},intermediate,2026-02-02 12:13:20.432969,llama3.1:8b
378,11216,IU Computing Accounts,"{UITS,""IU Computing Accounts"",""personal account"",""group account""}",overview,student,{},beginner,2026-02-02 12:13:30.982662,llama3.1:8b
379,11217,IU Computing Policy,"{""Indiana University"",""computing accounts"",""IT policy"",""appropriate use""}",policy,admin,{},unknown,2026-02-02 12:13:41.508815,llama3.1:8b
380,11221,Cloud Computing,"{""cloud computing"",IU,""public cloud accounts"",AWS,""Google Cloud"",""Microsoft Azure""}",overview,unknown,{},intermediate,2026-02-02 12:13:55.807635,llama3.1:8b
381,10976,Financial Reconciliation,"{""Reconciler app"",""Indiana University"",""financial reconciliation process"",""automated interface""}",overview,unknown,{},intermediate,2026-02-02 12:13:56.82128,llama3.1:8b
382,11230,Computing Account Security,"{""IU computing account"",""account security"",""passphrase security""}",policy,student,{},beginner,2026-02-02 12:14:19.432444,llama3.1:8b
383,11232,IU Computing Policies,"{""IU computing resources"",""political campaigns"",""university mission""}",policy,general,{},unknown,2026-02-02 12:14:29.482234,llama3.1:8b
384,11237,IU Resources,"{UITS,""Indiana University""}",overview,student,{},beginner,2026-02-02 12:14:38.33389,llama3.1:8b
385,4958,IU Computing Policies,"{""Indiana University"",""computing policies"",accountability,""responsible use""}",policy,student,{},beginner,2026-02-02 12:14:50.404892,llama3.1:8b
386,11241,File Management,"{Linux,""Luddy Hall"",""file deletion"",""data recovery"",""Help Desk""}",how-to,student,"{""basic knowledge of Linux workstation usage"",""understanding of file directories and paths""}",intermediate,2026-02-02 12:15:06.304197,llama3.1:8b
387,11242,IU Bloomington Luddy SICE Systems,"{""Luddy School of Informatics"",""Computing, and Engineering"",""Knowledge Base""}",reference,student,{},beginner,2026-02-02 12:15:17.984791,llama3.1:8b
388,11244,IU Support,"{""Indiana University"",""Tier 2 Accounts"",""Student Information Systems (ASIS)"",""Two-Step Login (Duo)""}",reference,student,{},unknown,2026-02-02 12:15:29.886636,llama3.1:8b
389,11369,DDNS Configuration,"{DDNS,""Active Directory"",""DNS Records""}",troubleshooting,admin,"{""understanding Active Directory"",""computer accounts in ADS""}",intermediate,2026-02-02 12:15:41.747007,llama3.1:8b
390,11235,Indiana University Accounts,"{""non-enrolled students"",""student computing accounts"",""IU accounts""}",reference,general,{},unknown,2026-02-02 12:15:51.927054,llama3.1:8b
391,11108,University Registration,"{""Schedule Builder"",Stellic,""SIS Student Center""}",overview,student,{},beginner,2026-02-02 12:15:52.931524,llama3.1:8b
392,11245,IU Computing Policies,"{""Indiana University"",""computing policies"",""account use policies"",UITS}",reference,unknown,{},unknown,2026-02-02 12:16:14.065337,llama3.1:8b
393,11238,System Maintenance,"{""Scheduled Maintenance"",UITS,""IU Computing Systems""}",overview,admin,{},intermediate,2026-02-02 12:16:23.941024,llama3.1:8b
394,11262,Accessibility at IU,"{VoiceOver,MacOS,iOS,""Screen Reader"",IU}",reference,unknown,{},intermediate,2026-02-02 12:16:35.489633,llama3.1:8b
395,11313,Accessibility in IU Computing Labs,"{NVDA,""STC computing labs"",""IU Support Center"",Accessibility,""Assistive Technology""}",overview,student,{},beginner,2026-02-02 12:16:47.646913,llama3.1:8b
396,11151,STCs Usage Policies,"{""Student Technology Centers"",""IU mission"",""computing resources"",""student technology fee""}",policy,unknown,{},beginner,2026-02-02 12:16:59.036824,llama3.1:8b
397,11268,Accessibility at IU,"{NVDA,""NonVisual Desktop Access"",""screen reading application"",""IU computing labs""}",overview,unknown,{},beginner,2026-02-02 12:17:10.564845,llama3.1:8b
398,11270,Accessibility at IU,"{Fusion,Zoomtext,JAWS,IUware}",overview,unknown,{},beginner,2026-02-02 12:17:21.774426,llama3.1:8b
399,10983,Denodo,"{Denodo,""resource migration"",""IU environment""}",how-to,unknown,"{""understanding of Denodo at IU environment"",""basic knowledge of resource migration process""}",intermediate,2026-02-02 12:17:34.346124,llama3.1:8b
400,11276,Public Cloud Services,"{""Amazon Web Services"",""Google Cloud"",""Microsoft Azure"",""public cloud"",""IU staff"",""computing resources""}",overview,faculty,{},intermediate,2026-02-02 12:17:46.442454,llama3.1:8b
401,11277,Student Computing Accounts,"{""Indiana University"",""student computing accounts"",""ADS domain account"",One.IU}",overview,student,{},intermediate,2026-02-02 12:17:47.455278,llama3.1:8b
402,11281,Accessibility Software,"{ZoomText,""screen magnification"",""accessibility software"",IUware,""STC computing labs""}",overview,faculty,{},beginner,2026-02-02 12:18:09.813635,llama3.1:8b
403,11285,IU Accounts,"{""IU accounts"",""account eligibility"",username,passphrase}",overview,unknown,{},intermediate,2026-02-02 12:18:20.316661,llama3.1:8b
404,11288,Accessibility Software,"{JAWS,""screen reading software"",""braille and speech access""}",overview,unknown,{},beginner,2026-02-02 12:18:31.050785,llama3.1:8b
405,11293,IU Accounts and Services,"{UITS,""Indiana University"",""student computing accounts"",""faculty accounts"",""staff accounts"",affiliates}",overview,student,"{""admission to IU""}",beginner,2026-02-02 12:18:43.993441,llama3.1:8b
406,11389,Microsoft Teams Rooms,"{""Microsoft Teams Rooms"",""deployment guide"",""hardware requirements""}",overview,admin,"{""Basic understanding of Microsoft Teams""}",intermediate,2026-02-02 12:18:54.998542,llama3.1:8b
407,9163,Canvas Troubleshooting,"{Canvas,""login issues"",""IU computing accounts""}",troubleshooting,student,{},intermediate,2026-02-02 12:19:05.397481,llama3.1:8b
438,11365,Active Directory Services (ADS) Management,"{""Active Directory Services"",ads.iu.edu,""domain controller"",""network bandwidth""}",overview,admin,{},intermediate,2026-02-02 12:25:44.239447,llama3.1:8b
408,11302,Research Computing Conferences,"{PEARC,XSEDE,ACCESS,""Advanced Cyberinfrastructure Coordination Ecosystem: Services & Support"",""Practice & Experience in Advanced Research Computing"",""Extreme Science and Engineering Discovery Environment""}",overview,researcher,{},beginner,2026-02-02 12:19:22.073776,llama3.1:8b
409,11303,Public Cloud Services,"{""Amazon Web Services"",""Google Cloud"",""Microsoft Azure"",""public cloud resources"",research}",overview,faculty,{},intermediate,2026-02-02 12:19:33.360983,llama3.1:8b
410,11305,Fusion Access Issues,"{Fusion,""STC computing labs"",""access issues""}",troubleshooting,unknown,"{""IU STCs (computing labs)"",""campus Support Center contact""}",intermediate,2026-02-02 12:19:46.670482,llama3.1:8b
411,11306,JAWS on IU STC Computing Labs,"{JAWS,""IU STC computing labs"",""access issues"",""reporting issues""}",reference,admin,"{""familiarity with IU STC computing labs"",""knowledge of JAWS software""}",intermediate,2026-02-02 12:19:47.684015,llama3.1:8b
412,11307,Accessibility and Assistive Technologies,"{ZoomText,""STC computing labs"",""accessibility issues""}",troubleshooting,unknown,{},beginner,2026-02-02 12:20:13.521266,llama3.1:8b
413,11304,Cloud Services,"{AWS,""Google Cloud"",""Microsoft Azure"",""IU contract"",""cloud computing""}",overview,unknown,{},beginner,2026-02-02 12:20:24.928696,llama3.1:8b
414,11316,Windows User Management,"{""local user"",""domain user"",""Windows authentication"",""user permissions""}",overview,faculty,{},intermediate,2026-02-02 12:20:36.929428,llama3.1:8b
415,11318,Windows Management,"{IU,""organizational unit"",""computer account"",ADS}",how-to,admin,"{""understanding of IU organizational units and ADS"",""permissions to manage computer accounts in ADS""}",intermediate,2026-02-02 12:20:50.217731,llama3.1:8b
416,11322,Network Security,"{""TCP connections"",""campus housing"",""network security""}",overview,student,{},intermediate,2026-02-02 12:21:00.308886,llama3.1:8b
417,11325,File Transfer,"{""Unix-like systems"",""file size"",""ls -s command"",""du command"",""block length"",""operating systems""}",overview,student,"{""Unix-like file systems"",""basic understanding of file sizes and storage""}",intermediate,2026-02-02 12:21:15.015913,llama3.1:8b
418,11326,IU Computing Account Management,"{""IU computing account"",""account deletion"",""Tier 2"",""Indiana University""}",how-to,unknown,{},beginner,2026-02-02 12:21:27.20512,llama3.1:8b
419,11394,IU Common Build,"{""IU Common Build"",Windows,""endpoint management"",""AD group policy"",BitLocker,LAPS,SCCM}",overview,unknown,{},intermediate,2026-02-02 12:21:42.412613,llama3.1:8b
420,11329,JAWS,"{JAWS,""screen reader software"",""STC computing labs"",""Windows Narrator""}",how-to,student,"{""basic computer skills"",""familiarity with Windows operating system""}",beginner,2026-02-02 12:21:56.306382,llama3.1:8b
421,11330,Unix Security,"{Unix,""account compromise"",""password change"",""IU passphrase"",""security breach""}",troubleshooting,student,{},intermediate,2026-02-02 12:21:57.314682,llama3.1:8b
422,11332,STC Computing Labs,"{NVDA,""screen reader software"",""Windows Narrator""}",how-to,student,"{""access to STC computing labs"",""basic computer skills""}",beginner,2026-02-02 12:22:20.795374,llama3.1:8b
423,10999,Denodo Scheduler,"{""VDB Cache Refresh"",Denodo,Scheduler,Job,Cache}",how-to,faculty,"{""understanding of Denodo and its features"",""knowledge of IU environment and Two-Step Login (Duo)""}",intermediate,2026-02-02 12:22:38.736781,llama3.1:8b
424,10651,Cloud Computing on IU,"{""public cloud"",""IU cloud providers"",AWS,""Google Cloud"",""Microsoft Azure""}",overview,unknown,{},intermediate,2026-02-02 12:22:50.698331,llama3.1:8b
425,11334,STC Computing Labs,"{ZoomText,""screen magnification software"",""STC computing labs""}",how-to,student,"{""logging in to STC computing labs"",""familiarity with Windows Magnifier (optional)""}",beginner,2026-02-02 12:23:06.543624,llama3.1:8b
426,3180,IU Computing Accounts,"{IU,Bloomington,Indianapolis,""student organizations"",""computing accounts""}",reference,unknown,{},beginner,2026-02-02 12:23:19.138973,llama3.1:8b
427,11337,Windows Security,"{""IU ADS domain"",""login privileges"",""Windows computer"",""domain user""}",how-to,student,"{""Setting up IU ADS domain on Windows computer""}",intermediate,2026-02-02 12:23:31.514553,llama3.1:8b
428,11338,IU Research Computing Services,"{""Indiana University"",UITS,""Research Technologies"",""research supercomputers"",""storage space"",""scientific applications""}",overview,faculty,{},beginner,2026-02-02 12:23:43.965948,llama3.1:8b
429,11348,Windows Computer Management,"{Windows,""computer name"",""network identification"",""UITS recommendation""}",reference,student,"{""basic computer knowledge"",""understanding of University account""}",beginner,2026-02-02 12:23:56.578477,llama3.1:8b
430,11349,Windows Backup and Recovery,"{Windows,backup,recovery}",how-to,general,{},beginner,2026-02-02 12:24:06.5536,llama3.1:8b
431,10526,IU Shared Drives,"{""Google at IU Shared Drives"",""Paid Storage"",""Google Drive""}",overview,unknown,{},beginner,2026-02-02 12:24:07.561073,llama3.1:8b
432,11352,Computing Certifications,"{""computing certifications"",""IT certifications"",""certification programs""}",overview,unknown,{},beginner,2026-02-02 12:24:29.885886,llama3.1:8b
433,11357,Accessibility in Computing Labs,"{Fusion,""STC computing labs"",accessibility,""screen reader"",magnification}",how-to,student,"{""familiarity with STC computing labs"",""basic computer skills""}",intermediate,2026-02-02 12:24:44.072957,llama3.1:8b
434,11358,IU ADS Domain,"{""IU ADS domain"",""Access Denied error"",""computer joining""}",troubleshooting,unknown,"{""IU ADS domain knowledge"",""computer management basics""}",intermediate,2026-02-02 12:24:56.548496,llama3.1:8b
435,11356,EdCert Program,"{""IU EdCert"",""UITS initiative"",""departmental computing support"",""technical infrastructure""}",overview,faculty,{},intermediate,2026-02-02 12:25:07.704473,llama3.1:8b
436,11361,IUanyWare,"{SPSS,IUanyWare,""Citrix Workspace app""}",how-to,student,"{""using Citrix Workspace app"",""understanding IUanyWare interface""}",intermediate,2026-02-02 12:25:20.47938,llama3.1:8b
437,11364,IU Network Configuration,"{DHCP,""IU Network"",""IP Address"",""DNS Server""}",how-to,student,{},beginner,2026-02-02 12:25:31.278427,llama3.1:8b
439,11366,Windows Management,"{""administrative rights"",""ADS domain account"",""Windows computer"",""IT-12 policy""}",how-to,faculty,"{""understanding ADS domain accounts"",""Windows management basics""}",intermediate,2026-02-02 12:25:57.111292,llama3.1:8b
440,11367,Remote Access,"{IUanyWare,""Citrix Virtual Delivery Agent"",RDP,""IU VPN"",""remote desktop"",""campus closures""}",how-to,faculty,{},intermediate,2026-02-02 12:26:11.525708,llama3.1:8b
441,11368,Active Directory,"{Samba,""Windows computers"",NTLMv2,""LAN Manager"",IUware}",reference,admin,"{""Understanding IU Active Directory configuration"",""Basic knowledge of Windows registry and console settings""}",intermediate,2026-02-02 12:26:12.533459,llama3.1:8b
442,11371,Cybersecurity,"{""IM Trojan"",""instant messaging virus"",""cybersecurity threats""}",overview,general,{},beginner,2026-02-02 12:26:36.994389,llama3.1:8b
443,11373,SCCM Driver Management,"{""Microsoft SCCM"",""driver management"",""driver packages"",""Windows 10""}",overview,admin,{},intermediate,2026-02-02 12:26:47.971626,llama3.1:8b
444,4067,IUware,"{IUware,""Indiana University software distribution service""}",overview,unknown,{},beginner,2026-02-02 12:26:58.1109,llama3.1:8b
445,11381,Software Availability,"{Sibelius,""music notation software"",""Avid Technology"",""IU Bloomington"",""Jacobs School of Music""}",reference,student,{},unknown,2026-02-02 12:27:12.331662,llama3.1:8b
446,11383,MATLAB,"{MATLAB,""Total Academic Headcount (TAH) license"",""Indiana University""}",how-to,unknown,{},intermediate,2026-02-02 12:27:24.334758,llama3.1:8b
447,11385,Jamf,"{""Jamf Application Catalog"",""application deployment"",""macOS devices"",""Jamf Pro environment""}",overview,admin,{},intermediate,2026-02-02 12:27:35.527398,llama3.1:8b
448,11387,Remote Server Administration Tools (RSAT),"{RSAT,""Features on Demand"",""Windows 10 version 1809"",""Windows Server 2019"",""Microsoft Download Center""}",how-to,admin,{},intermediate,2026-02-02 12:27:50.479021,llama3.1:8b
449,1600,IU Support,"{IU,""UITS support"",""local support""}",reference,faculty,{},beginner,2026-02-02 12:28:00.328348,llama3.1:8b
450,12454,Canvas Course Template,"{""IU Course Template"",""Canvas course development"",""instructional assets""}",how-to,faculty,"{""knowledge of Canvas LMS"",""experience with course template customization""}",intermediate,2026-02-02 12:28:12.889712,llama3.1:8b
451,11413,IU Common Build,"{Linux,""IU Common Build"",""device build"",""installation guide"",Ubuntu}",overview,unknown,"{""basic Linux knowledge"",""understanding of IU systems and policies""}",intermediate,2026-02-02 12:28:13.898452,llama3.1:8b
452,11420,IU Knowledge Base,"{""IU Knowledge Base"",ServiceNow,""KCS initiative""}",overview,unknown,{},intermediate,2026-02-02 12:28:37.56992,llama3.1:8b
453,11422,Knowledge Base,"{images,""IU Knowledge Base"",contributor,KCS}",overview,admin,"{""knowledge of IU Knowledge Base""}",intermediate,2026-02-02 12:28:48.967566,llama3.1:8b
454,11427,Knowledge Base Workflow,"{""KB workflow"",""Draft state"",""Knowledge-Centered Service (KCS)"",contributor}",overview,admin,{},intermediate,2026-02-02 12:29:00.405278,llama3.1:8b
455,11428,Knowledge Base Search Optimization,"{""meta tags"",""search optimization"",""IU Knowledge Base"",""KCS initiative""}",how-to,unknown,"{""editing articles"",""Knowledge Management team""}",intermediate,2026-02-02 12:29:13.560126,llama3.1:8b
456,1534,High Performance Computing,"{""high performance computing"",HPC,research}",overview,researcher,{},intermediate,2026-02-02 12:29:23.694547,llama3.1:8b
457,9805,IU Services,"{""Indiana University"",ServiceNow}",reference,general,{},unknown,2026-02-02 12:29:32.56019,llama3.1:8b
458,1834,Cloud Storage,"{""Microsoft OneDrive"",""IU Cloud Storage"",""Cloud Services""}",overview,student,{},intermediate,2026-02-02 12:29:42.74365,llama3.1:8b
459,11430,Knowledge Base Content Management,"{""KB contributor"",""KCS initiative"",""audience restrictions""}",overview,admin,"{""Understanding of IU Knowledge Base structure and content"",""Familiarity with KB contributor role""}",intermediate,2026-02-02 12:29:56.039259,llama3.1:8b
460,11433,Knowledge Base Article Management,"{metadata,""IU Knowledge Base"",""KM_T1 template""}",overview,admin,{},intermediate,2026-02-02 12:30:06.569172,llama3.1:8b
461,11435,IU Knowledge Base,"{Edit,""Knowledge Base"",Contributors,""KCS initiative"",Permissions}",how-to,unknown,"{""IU Knowledge Base permissions"",""KB article number knowledge""}",intermediate,2026-02-02 12:30:07.578065,llama3.1:8b
462,11442,IU Knowledge Base,"{""table of contents"",""ServiceNow Knowledge"",""KCS initiative""}",how-to,unknown,"{""edit an article in the IU Knowledge Base""}",intermediate,2026-02-02 12:30:32.837037,llama3.1:8b
463,11343,Network Access,"{""Indiana University"",""network connection"",blocked,viruses,""computer security""}",overview,general,{},intermediate,2026-02-02 12:30:44.073782,llama3.1:8b
464,11443,IU Knowledge Base,"{tables,""IU Knowledge Base"",""KCS initiative"",accessibility}",reference,unknown,"{""Knowledge-Centered Service (KCS) initiative"",""IU Knowledge Base contributor""}",intermediate,2026-02-02 12:30:57.927144,llama3.1:8b
465,11444,Knowledge Management,"{""knowledge blocks"",""KB contributor"",""ServiceNow Knowledge""}",overview,unknown,"{""Knowledge-Centered Service (KCS) initiative""}",intermediate,2026-02-02 12:31:09.984545,llama3.1:8b
466,11448,Data Cookbook,"{""Data Cookbook"",workflow,definition,approval,""IU standard definition""}",overview,admin,{},intermediate,2026-02-02 12:31:22.448723,llama3.1:8b
467,11449,Data Cookbook,"{""data cookbook"",workflow,""specification approval"",""IU standard specification""}",reference,faculty,"{""What is Data Cookbook"",""Workflows in Data Cookbook""}",intermediate,2026-02-02 12:31:35.054189,llama3.1:8b
468,10523,Shared Storage,"{""institutional storage"",""microsoft teams"",""shared storage"",iu}",how-to,faculty,"{""IU Google My Drive quotas"",""Microsoft Teams at IU""}",intermediate,2026-02-02 12:31:47.755584,llama3.1:8b
469,11450,Cloud Storage Policy,"{""Service agreement"",""Microsoft storage"",""Google storage"",""IU shared drives""}",policy,admin,{},unknown,2026-02-02 12:31:58.406975,llama3.1:8b
470,1527,Two-Step Login (Duo),"{""Two-Step Login"",Duo,""two-factor authentication"",""phishing attacks""}",overview,unknown,{},beginner,2026-02-02 12:32:11.238702,llama3.1:8b
471,11454,Accessibility,"{accessibility,""web accessibility"",WCAG,""automated tools""}",overview,unknown,{},intermediate,2026-02-02 12:32:12.247369,llama3.1:8b
472,11460,Web Accessibility,"{WCAG,""web content accessibility guidelines"",""Indiana University""}",overview,unknown,{},intermediate,2026-02-02 12:32:32.738652,llama3.1:8b
473,11499,Slack,"{Slack,UITS,""IU Login"",""Knowledge Base""}",overview,general,{},intermediate,2026-02-02 12:32:43.509035,llama3.1:8b
474,11501,ServiceNow,"{ServiceNow,""Knowledge Management"",""IU KB""}",reference,admin,{},intermediate,2026-02-02 12:32:53.629167,llama3.1:8b
475,11463,Web Accessibility,"{""accessibility review"",""web development"",""WCAG 2.1 AA"",""Indiana University digital accessibility standard""}",how-to,unknown,"{""basic understanding of web development"",""familiarity with WCAG guidelines""}",intermediate,2026-02-02 12:33:09.241721,llama3.1:8b
476,11467,Web Accessibility,"{""keyboard navigation"",""visual focus"",""web development"",""accessibility guidelines"",""a11y tools""}",overview,unknown,{},intermediate,2026-02-02 12:33:20.98507,llama3.1:8b
477,11471,Accessibility,"{accessibility,""web development"",a11y}",overview,unknown,{},intermediate,2026-02-02 12:33:31.417106,llama3.1:8b
478,11472,Accessibility Auditing,"{""screen reader"",""web accessibility"",evaluation,""a11y auditing""}",overview,unknown,"{""basic understanding of web development""}",intermediate,2026-02-02 12:33:44.961929,llama3.1:8b
479,11478,Web Accessibility,"{accessibility,""WCAG 2.1"",""AA site evaluation"",""web developers""}",overview,unknown,"{HTML,CSS,JavaScript}",intermediate,2026-02-02 12:33:57.841678,llama3.1:8b
480,11479,Web Accessibility,"{""color contrast"",""web accessibility"",""WCAG 2.1"",""web development""}",overview,unknown,"{""HTML/CSS fundamentals"",""basic knowledge of web development tools""}",intermediate,2026-02-02 12:34:10.805087,llama3.1:8b
481,11528,Unix System Monitoring,"{""CPU usage"",Unix,""job management"",""system monitoring"",""time command""}",how-to,student,"{""basic Unix commands"",""job submission and management in Unix""}",intermediate,2026-02-02 12:34:11.815315,llama3.1:8b
482,11480,Grade Import,"{Canvas,""SIS Grade Roster"",""final grades""}",how-to,faculty,"{""understanding of Canvas and SIS tools"",""experience with grade import procedures""}",intermediate,2026-02-02 12:34:38.188327,llama3.1:8b
483,11488,Canvas and SIS Integration,"{Canvas,SIS,""grade roster"",""file upload""}",how-to,faculty,"{""exporting grades from Canvas"",""understanding SIS Grade Roster""}",intermediate,2026-02-02 12:34:52.966205,llama3.1:8b
484,11493,Salesforce Integration,"{FireForm,""Salesforce CRM"",""Convergence Cloud Form Handler"",""data integration""}",how-to,faculty,"{""basic knowledge of FireForm and Salesforce CRM"",""previous experience with form data import/export""}",intermediate,2026-02-02 12:35:07.515212,llama3.1:8b
485,11495,MachForm Integration,"{MachForm,Salesforce,""Convergence Cloud Form Handler""}",how-to,admin,"{""Backup data in MachForm"",""Basic understanding of Convergence Cloud Form Handler""}",intermediate,2026-02-02 12:35:21.247296,llama3.1:8b
486,11497,Salesforce Integration,"{""Convergence Cloud Form Handler"",""custom-built forms"",""Salesforce integration""}",how-to,admin,"{""basic knowledge of Salesforce"",""knowledge of form builders""}",advanced,2026-02-02 12:35:35.063116,llama3.1:8b
487,11531,Intelligent Infrastructure,"{VM,""Virtual Machine"",""II self-service portal""}",how-to,faculty,"{""login to II self-service portal"",""accessing the Consume tab""}",intermediate,2026-02-02 12:35:47.706486,llama3.1:8b
488,11537,Unix Command Output,"{""ps command"",""Unix implementations"",""output fields"",""System V"",""BSD syntax""}",overview,unknown,"{""Unix basics"",""command line interface"",""file systems""}",intermediate,2026-02-02 12:36:01.602409,llama3.1:8b
489,11698,UITS Research Supercomputers,"{telnet,SSH2,""SSH client"",""IU research supercomputers"",security}",overview,student,{},beginner,2026-02-02 12:36:13.667513,llama3.1:8b
490,11539,Intelligent Infrastructure Self-Service Portal,"{""Intelligent Infrastructure"",""II self-service portal"",""Deployments view"",""Day2 actions"",""Service Broker""}",how-to,admin,"{""logging into II self-service portal"",""familiarity with Service Broker""}",intermediate,2026-02-02 12:36:30.534039,llama3.1:8b
491,11541,Resource Allocation Center (RAC),"{""Resource Allocation Center"",RAC,""resource pool"",modify,deactivate}",how-to,unknown,"{""Log into RAC using non-administrative user account"",""understand resource pool settings""}",intermediate,2026-02-02 12:36:31.542531,llama3.1:8b
492,11544,Kubernetes Resource Management,"{container,CPU,memory,quota,namespace}",how-to,admin,"{""Quota for infrastructure resources"",""pod scheduling""}",intermediate,2026-02-02 12:37:00.554345,llama3.1:8b
493,11534,Intelligent Infrastructure (II) Resource Management,"{""Intelligent Infrastructure"",""resource pool"",""VM Information report"",""Pool Information report"",""self-service environment""}",how-to,admin,"{""understanding of II resource management"",""access to II self-service environment""}",intermediate,2026-02-02 12:37:17.299711,llama3.1:8b
494,11549,Intelligent Infrastructure (II),"{""self-service provisioning"",""intelligent infrastructure"",""resource pools"",""vm management""}",overview,admin,"{""Understanding of Intelligent Infrastructure (II)"",""Basic knowledge of virtual machine administration""}",intermediate,2026-02-02 12:37:30.910236,llama3.1:8b
495,11558,Troubleshooting Hardware Issues,"{""Power-on Self Test"",POST,""beep codes"",""hardware problems""}",troubleshooting,general,{},intermediate,2026-02-02 12:37:42.657707,llama3.1:8b
496,11560,Timekeeping Kiosks,"{Timekeeping,kiosk,deployment,build}",how-to,admin,"{""Operating System"",""Hardware requirements""}",intermediate,2026-02-02 12:37:54.567895,llama3.1:8b
497,11550,Virtual Machine Management,"{""Intelligent Infrastructure"",""self-service portal"",""VM request""}",how-to,unknown,"{""logging into self-service portal"",""understanding VM creation process""}",intermediate,2026-02-02 12:38:07.675551,llama3.1:8b
498,11562,Intelligent Infrastructure,"{""intelligent infrastructure"",""virtual machine"",organizations}",how-to,admin,{},intermediate,2026-02-02 12:38:17.890188,llama3.1:8b
676,4987,IQ-Walls,"{IU,UITS,""Advanced Visualization Lab"",""tiled video display systems""}",overview,unknown,{},intermediate,2026-02-02 13:16:29.102656,llama3.1:8b
499,11563,Spring Boot,"{""Spring Boot"",Kubernetes,quickstart}",how-to,student,"{""basic knowledge of Kubernetes"",""access to IU's Kubernetes environment""}",intermediate,2026-02-02 12:38:29.862232,llama3.1:8b
500,11572,University Policy,"{""UITS Lifecycle Fund"",UA-VPIT,""computer lifecycle""}",policy,admin,{},unknown,2026-02-02 12:38:40.35713,llama3.1:8b
501,11577,Kubernetes Environment,"{""IU's Kubernetes environment"",""multi-tenant system"",namespace,cluster,""Indiana University""}",how-to,unknown,"{""understanding of Kubernetes basics""}",intermediate,2026-02-02 12:38:41.360983,llama3.1:8b
502,11585,Student Laptop Requirements,"{axiUm,ExamSoft,""student laptops"",""hardware requirements"",""software requirements""}",reference,student,{},intermediate,2026-02-02 12:39:07.480011,llama3.1:8b
503,2440,IUIE Account Management,"{""IUIE account"",""Indiana University Information Environment"",""IU username"",passphrase,""Acceptable Use Agreement""}",how-to,student,"{""University account""}",beginner,2026-02-02 12:39:20.626288,llama3.1:8b
504,11588,Intelligent Infrastructure,"{""Intelligent Infrastructure"",""II resources"",""UITS services"",funding}",overview,admin,{},intermediate,2026-02-02 12:39:31.515597,llama3.1:8b
505,11589,OnBase,"{OnBase,""scan station"",""scanner requirements""}",reference,admin,{},intermediate,2026-02-02 12:39:41.501018,llama3.1:8b
506,11010,Kubernetes,"{""IU Kubernetes"",""Kubernetes environment"",""Enterprise Kubernetes Environment"",""RBAC in Kubernetes"",""Harbor image registry""}",overview,researcher,"{""containerization basics"",""Docker knowledge""}",intermediate,2026-02-02 12:39:57.491208,llama3.1:8b
507,11790,OnBase Unity Client,"{""document separation"",""batch processing"",""scan queues"",""OnBase Unity Client""}",how-to,admin,"{""logging into the OnBase Unity Client"",""scanning documents into OnBase from an MFD""}",intermediate,2026-02-02 12:40:11.867569,llama3.1:8b
508,11842,Enterprise Microsoft Administration,"{EMA,""Enterprise Microsoft Administration"",""Active Directory Services"",Exchange,""Enterprise Certificate Authority"",""Teams Calls""}",reference,admin,"{""Basic understanding of EMA services""}",intermediate,2026-02-02 12:40:25.04888,llama3.1:8b
509,11791,OnBase Unity Client,"{OnBase,""Unity Client"",""document scanning"",""batch processing""}",how-to,admin,"{""logging into OnBase Unity Client"",""understanding batch processing in OnBase""}",intermediate,2026-02-02 12:40:38.502828,llama3.1:8b
510,11793,Data Center Operations,"{""WhatsUp Gold"",""equipment monitoring"",""data center management"",""infrastructure reporting""}",overview,admin,"{""basic understanding of data center infrastructure""}",intermediate,2026-02-02 12:40:52.163208,llama3.1:8b
511,11795,File Transfer,"{WinSCP,DTP.IU.EDU,DTT.IU.EDU,""student records batch files""}",how-to,faculty,"{""access to DTP.IU.EDU and DTT.IU.EDU data transfer servers"",""latest version of WinSCP installed""}",intermediate,2026-02-02 12:40:53.17191,llama3.1:8b
512,11797,Advisor Assignment,"{""advising teams"",""advisor assignment"",""landing page"",""team members"",settings}",overview,admin,{},intermediate,2026-02-02 12:41:23.613413,llama3.1:8b
513,11799,Advising Records (AdRx),"{""ad hoc Caseload groups"",AdRx,Caseload}",overview,admin,"{""Log into AdRx and access Caseload""}",intermediate,2026-02-02 12:41:36.190991,llama3.1:8b
514,11846,Google Custom Search,"{""Google Custom Search"",""IU website"",""search engine""}",overview,admin,"{""basic HTML knowledge""}",beginner,2026-02-02 12:41:46.978202,llama3.1:8b
515,11854,Google Course Tools,"{""Google Course Tools"",""IU guests"",""course folders"",permissions}",overview,unknown,{},intermediate,2026-02-02 12:41:57.707462,llama3.1:8b
516,11803,OnBase Unity Client,"{OnBase,""Unity Client"",scanner,""scan format"",""batch scanning""}",how-to,admin,"{""installing drivers"",""logging into OnBase Unity Client""}",intermediate,2026-02-02 12:42:11.175553,llama3.1:8b
517,11806,Library Acquisitions,"{PDP,""ID billing"",WorkFlows,""Library Acquisitions"",""Sirsi WorkFlows""}",reference,unknown,"{""understanding of Library Fund screens"",""familiarity with Sirsi WorkFlows""}",intermediate,2026-02-02 12:42:26.427829,llama3.1:8b
518,11807,Google Gemini,"{""Google Gemini"",""Generative AI Chatbot"",""Indiana University"",""Microsoft 365 Copilot Chat""}",overview,unknown,{},intermediate,2026-02-02 12:42:39.843109,llama3.1:8b
519,11815,SharePoint Online Administration,"{""SharePoint Online"",""storage quota"",""site owner"",""site collection administrator""}",reference,admin,"{""Indiana University credentials"",""SharePoint Online site creation""}",intermediate,2026-02-02 12:42:52.766009,llama3.1:8b
520,11816,Unix File System Management,"{""disk quota"",Unix,""file storage"",""quota limits""}",overview,student,"{""Unix basics"",""file system concepts""}",intermediate,2026-02-02 12:43:04.80933,llama3.1:8b
521,11818,Data Protection Services,"{""Data Protection Services"",DPS,""Backup limitations"",""Recovery limitations""}",reference,admin,"{VMs,snapshots,""backup and recovery processes""}",intermediate,2026-02-02 12:43:05.811556,llama3.1:8b
522,11819,IU II Enterprise S3 Object Storage,"{""S3 Object Storage"",""II Enterprise"",IU,""Indiana University"",""on-premise object storage""}",overview,faculty,{},intermediate,2026-02-02 12:43:33.431711,llama3.1:8b
523,11823,AppKube Storage,"{AppKube,""file systems"",""persistent storage"",""writable storage"",""temporary storage"",symlinks}",overview,unknown,{},intermediate,2026-02-02 12:43:46.475298,llama3.1:8b
524,11817,Unix File Management,"{""disk space"",Unix,quota,""file management""}",how-to,student,"{""basic Unix commands"",""file system understanding""}",intermediate,2026-02-02 12:43:58.727332,llama3.1:8b
525,11827,Linux Distribution Migration,"{""Red Hat"",CentOS,""Linux Distribution"",Migration,""Enterprise Linux Administration""}",overview,admin,"{""Linux fundamentals"",""basic understanding of Red Hat Enterprise Linux""}",intermediate,2026-02-02 12:44:12.01406,llama3.1:8b
526,11831,Unix File System,"{""scratch space"",unix,/scratch,/tmp,""file permissions""}",how-to,student,"{""Unix file system basics"",""File permissions in Unix""}",beginner,2026-02-02 12:44:24.962528,llama3.1:8b
527,1675,Exchange Service,"{Exchange,IU,""Indiana University"",policies,""account policies"",""dependent policies""}",reference,general,{},unknown,2026-02-02 12:44:36.448398,llama3.1:8b
528,11832,Unix File System Management,"{df,Unix,""free disk space"",""file system management""}",reference,general,"{""basic Unix command line interface (CLI) knowledge""}",intermediate,2026-02-02 12:44:48.999215,llama3.1:8b
529,11833,Google Account Management,"{""Google data"",""IU accounts"",""data ownership"",""storage limits""}",how-to,admin,"{""Understanding IU Google account structure"",""Storage limit policies""}",intermediate,2026-02-02 12:45:01.831894,llama3.1:8b
530,11838,Data Recovery,"{""data recovery"",""file system corruption"",""partition loss"",""accidental formatting""}",how-to,general,"{""basic computer knowledge""}",intermediate,2026-02-02 12:45:13.596301,llama3.1:8b
531,2397,IU REDCap,"{""IU REDCap"",REDCap,""Indiana University""}",reference,unknown,{},intermediate,2026-02-02 12:45:14.601873,llama3.1:8b
532,1467,SLATE,"{SLATE,""Lustre file system"",""persistent storage"",""high performance storage"",""Indiana University""}",overview,researcher,{},intermediate,2026-02-02 12:45:36.756154,llama3.1:8b
533,11840,Google at IU,"{""Google at IU"",""Google Takeout"",""data transfer""}",how-to,student,"{""IU Google account"",""personal Google account""}",intermediate,2026-02-02 12:45:48.760629,llama3.1:8b
534,11676,Google Shared Drives,"{""Google Shared Drives"",""Google My Drive"",""file migration"",""folder transfer"",""IU storage limits""}",how-to,unknown,"{""understanding of Google Workspace"",""basic computer skills""}",intermediate,2026-02-02 12:46:03.566619,llama3.1:8b
535,1649,Cybersecurity Policy,"{""cyber risk mitigation"",""policy IT-28"",""Indiana University""}",overview,admin,{},intermediate,2026-02-02 12:46:14.611063,llama3.1:8b
536,11859,Canvas Outcomes,"{Canvas,Outcomes,Excel}",how-to,faculty,"{""Canvas account"",""basic Excel skills""}",intermediate,2026-02-02 12:46:25.83525,llama3.1:8b
537,11863,Intelligent Infrastructure,"{""stretched clusters"",""intelligent infrastructure"",""data center deployment"",""active data center""}",overview,admin,{},intermediate,2026-02-02 12:46:37.268695,llama3.1:8b
538,2447,IU Affiliate Accounts,"{""IU affiliate status"",""IU accounts for Ivy Tech students"",""Ivy Tech affiliation with IU""}",overview,student,{},beginner,2026-02-02 12:46:49.741426,llama3.1:8b
539,11593,IU Central Web Accounts,"{""IU central web accounts"",""software installation"",""web application development""}",policy,admin,"{""understanding of IU central web account management""}",intermediate,2026-02-02 12:47:02.102663,llama3.1:8b
540,11866,Data Privacy,"{""data privacy"",""UITS employees"",""shared storage"",""common storage"",""open locations"",""IU policy""}",overview,unknown,{},unknown,2026-02-02 12:47:13.907352,llama3.1:8b
541,11867,SharePoint Online,"{""SharePoint Online"",""group site"",delete,IU}",how-to,researcher,"{""log in to SharePoint Online"",""understand storage options at IU""}",intermediate,2026-02-02 12:47:14.911618,llama3.1:8b
542,1924,Data Sharing,"{Slate-Project,""guest collection"",""external sharing"",""IU collaborators""}",how-to,researcher,"{""understanding of Slate-Project and IU storage systems""}",intermediate,2026-02-02 12:47:42.438739,llama3.1:8b
543,9931,IU Computing Accounts,"{""IU computing accounts"",""admitted students"",faculty,staff,affiliates,""account creation""}",how-to,unknown,{},beginner,2026-02-02 12:47:56.100685,llama3.1:8b
544,9906,conda,"{conda,""package manager"",""environment manager""}",how-to,researcher,"{""basic computer knowledge"",""IU's high performance computers access""}",intermediate,2026-02-02 12:48:08.369086,llama3.1:8b
545,11700,OnBase,"{""Microsoft Outlook"",integration,add-in,""OnBase 16""}",troubleshooting,faculty,"{""OnBase 16 upgrade"",""Microsoft Outlook 2016 or 2019 installation""}",intermediate,2026-02-02 12:48:22.330669,llama3.1:8b
546,1697,IU Enterprise Confluence,"{Confluence,""IU Enterprise Confluence"",""team collaboration"",""project management"",JIRA}",overview,admin,{},intermediate,2026-02-02 12:48:34.541644,llama3.1:8b
547,1445,IU Computing Accounts,"{""IU computing accounts"",""affiliate accounts"",""account sponsorship""}",overview,unknown,"{""understanding IU affiliation"",""knowing account types""}",intermediate,2026-02-02 12:48:47.208539,llama3.1:8b
548,11870,Data Security and Governance,"{""Indiana University"",""data security"",""event registration"",""personal information"",""Restricted data"",""institutional data""}",policy,faculty,{},intermediate,2026-02-02 12:49:01.4139,llama3.1:8b
549,11680,Data Classification,"{""data classification"",""individual vs institutional files"",""IU policies""}",overview,faculty,"{""understanding IU data classification policies""}",intermediate,2026-02-02 12:49:12.768249,llama3.1:8b
550,11874,Collaboration Tools,"{""Microsoft Teams"",""IU Collaboration"",""External Contacts"",""Guest Users""}",how-to,faculty,"{""Basic understanding of IU collaboration tools"",""Knowledge of Microsoft Teams""}",intermediate,2026-02-02 12:49:28.454643,llama3.1:8b
551,11877,Microsoft SCCM,"{Windows,""Microsoft SCCM"",""device management"",""Active Directory""}",how-to,admin,"{""Understanding of Active Directory"",""Basic knowledge of Microsoft SCCM""}",intermediate,2026-02-02 12:49:29.465298,llama3.1:8b
552,1446,HIPAA,"{""protected health information"",PHI,""individually identifiable information""}",reference,general,{},beginner,2026-02-02 12:49:52.853899,llama3.1:8b
553,1653,Collaboration Tools,"{""Google Chat"",IU,""direct messaging"",collaboration,email}",overview,unknown,{},intermediate,2026-02-02 12:50:05.281903,llama3.1:8b
554,11884,Canvas,"{Canvas,""IU storage"",""publicly available content"",Pages,Sitehost}",how-to,faculty,"{""understanding Canvas course setup"",""knowledge of IU services""}",intermediate,2026-02-02 12:50:18.740764,llama3.1:8b
555,11889,Enterprise Web Hosting,"{SiteKube,Sitehost,WebTech,""UITS Enterprise Web Technical Services""}",overview,admin,{},intermediate,2026-02-02 12:50:30.428958,llama3.1:8b
556,11900,Online Proctoring,"{""web conferencing tools"",""online proctoring"",""Indiana University"",Honorlock}",overview,faculty,{},intermediate,2026-02-02 12:50:42.304176,llama3.1:8b
557,11906,CI/CD with Kubernetes,"{Kubernetes,CI/CD,""private registry"",""Harbor robot account"",Bamboo}",how-to,admin,"{""Kubernetes basics"",""CI/CD concepts"",""Docker knowledge""}",advanced,2026-02-02 12:50:56.944824,llama3.1:8b
558,11350,Operating System Installation,"{Windows,IU,""operating system installation""}",how-to,student,"{""having a computer to install Windows on"",""IU credentials""}",beginner,2026-02-02 12:51:09.321301,llama3.1:8b
559,11918,Kubernetes Deployment,"{""Helm charts"",""Kubernetes deployment"",helm,charts,""kubernetes applications""}",how-to,admin,"{""Basic knowledge of Kubernetes"",""Familiarity with command line tools""}",intermediate,2026-02-02 12:51:25.513857,llama3.1:8b
560,11922,Perl Modules Management,"{""Perl modules"",""IU ES nodes"",perldoc,perlmodlib,perllocal,CGI.pm}",how-to,researcher,"{""basic understanding of Perl and its modules""}",intermediate,2026-02-02 12:51:42.316104,llama3.1:8b
561,11924,IU REDCap,"{""IU REDCap"",""REDCap API"",""third-party external modules"",REDCap-ETL}",reference,researcher,{},intermediate,2026-02-02 12:51:43.32355,llama3.1:8b
562,2162,REDCap ETL,"{REDCap,-ETL,""data transformation"",""data transfer"",""IU REDCap""}",how-to,researcher,"{""familiarity with IU REDCap"",""basic understanding of data transfer and transformation processes""}",intermediate,2026-02-02 12:52:10.060172,llama3.1:8b
563,11975,IUITS Support,"{UITS,""Support Center"",""Knowledge Base""}",overview,general,{},unknown,2026-02-02 12:52:19.79495,llama3.1:8b
564,11901,Online Proctoring Services,"{Honorlock,""IU students"",""online proctoring service"",AI-powered,""remote assessments""}",overview,student,"{""basic computer skills""}",beginner,2026-02-02 12:52:33.87371,llama3.1:8b
565,11935,GIS Software,"{IDRISI,""IU Bloomington"",""Student Technology Centers"",Cartalinx}",reference,student,{},unknown,2026-02-02 12:52:44.864164,llama3.1:8b
566,10336,Zoom,"{zoom,""video conferencing"",troubleshooting,""technical requirements""}",unknown,general,{},beginner,2026-02-02 12:52:56.913619,llama3.1:8b
567,11936,Contract Renewals,"{""Software and Services Selection Process"",SSSP,""contract renewals"",""IT services"",""Conditional Allow List""}",how-to,admin,"{""understanding of existing IT contracts"",""knowledge of SSSP process""}",intermediate,2026-02-02 12:53:11.314504,llama3.1:8b
568,11939,Canvas and Cookies,"{""third-party cookies"",Canvas,""cookies in Canvas"",Chrome}",reference,unknown,{},intermediate,2026-02-02 12:53:22.006263,llama3.1:8b
569,11903,Canvas,"{Honorlock,""IU instructors"",proctoring,""assessment settings""}",reference,faculty,"{""basic knowledge of Canvas""}",intermediate,2026-02-02 12:53:33.384301,llama3.1:8b
570,1647,Google at IU,"{""Google at IU"",""My Drive"",""file sharing"",collaboration,""IU group""}",overview,unknown,"{""Google account"",""IU credentials""}",intermediate,2026-02-02 12:53:46.329989,llama3.1:8b
571,2296,IU Enterprise Services,"{""IT-28 policy"",""cyber risk mitigation"",""enterprise services"",""IU support""}",overview,admin,"{""understanding of IU IT policies""}",intermediate,2026-02-02 12:53:47.338593,llama3.1:8b
572,1656,Canvas LMS,"{Canvas,""IU learning management system"",LMS,Instructure}",overview,faculty,{},intermediate,2026-02-02 12:54:09.896818,llama3.1:8b
573,11949,Enterprise Linux Administration,"{""Enterprise Linux"",Administration,""How-to guides"",""IU ES nodes""}",how-to,admin,{},intermediate,2026-02-02 12:54:20.841658,llama3.1:8b
574,11965,Knowledge Base Overview,"{""Knowledge Base"",""UITS Support Center""}",overview,general,{},beginner,2026-02-02 12:54:30.393414,llama3.1:8b
575,11861,Canvas Academic Management,"{Canvas,""academic management"",outcomes,rubrics,""program assessment""}",how-to,faculty,"{""Understanding Canvas platform"",""Familiarity with academic hierarchy in Canvas""}",intermediate,2026-02-02 12:54:43.719881,llama3.1:8b
576,11980,Single Sign-On with IU Login,"{CAS,""CAS 2.0"",""single sign-on"",authentication,""IU Login"",developers}",how-to,unknown,"{""understanding of CAS protocol"",""basic knowledge of web application development""}",intermediate,2026-02-02 12:54:58.969489,llama3.1:8b
577,11982,Windows Servicing,"{""IU Common Build"",""Windows Servicing Updates"",""Deployment Phases"",""Upgrade Compatibility Blocks"",""Windows Operating Systems""}",overview,admin,{},intermediate,2026-02-02 12:55:12.53093,llama3.1:8b
578,11872,Data Encryption,"{""data encryption"",plaintext,cipher,key,""symmetric key algorithms"",""asymmetric key algorithms""}",overview,general,{},intermediate,2026-02-02 12:55:24.351143,llama3.1:8b
579,11987,Generative AI Tools,"{""GenAI 101"",Canvas,""IU students"",""generative AI tools"",""Crimson Jr.""}",overview,unknown,{},beginner,2026-02-02 12:55:36.865065,llama3.1:8b
580,11993,IU Windows Installation,"{""Windows 11 Education"",""Windows 10 Education"",""IU Windows installation""}",how-to,unknown,"{""Install Windows at IU"",""Departmental Windows installations and the IU/Microsoft Campus Agreement""}",intermediate,2026-02-02 12:55:50.668301,llama3.1:8b
581,12001,Canvas Integration,"{VoiceThread,Canvas,""multimedia presentation"",""licensing change""}",overview,faculty,{},intermediate,2026-02-02 12:55:51.676839,llama3.1:8b
582,3020,IT Support,"{""IT support"",""Knowledge Base"",""campus support centers"",""technical support""}",overview,unknown,{},unknown,2026-02-02 12:56:12.885768,llama3.1:8b
583,12018,Accessible Math,"{LaTeX,AsciiMath,MathML,MathJax,""Speech Rule Engine (SRE)"",MathCAT,ClearSpeak,MathSpeak,SimpleSpeak,ChromeVox}",overview,researcher,"{""basic understanding of mathematical formatting and accessibility""}",intermediate,2026-02-02 12:56:33.517469,llama3.1:8b
584,12021,BitLocker Configuration,"{BitLocker,encryption,IU,TPM,""Group Policy""}",overview,admin,{},intermediate,2026-02-02 12:56:44.504429,llama3.1:8b
585,12025,Accessibility Services,"{""digital materials"",""assistive technology"",""accessibility services"",""qualifying students"",faculty,staff}",overview,unknown,{},intermediate,2026-02-02 12:56:56.887174,llama3.1:8b
586,12032,Two-Factor Authentication,"{""two-factor authentication"",""privileged access"",""server access"",""application access"",""network infrastructure""}",overview,admin,"{""Knowledge of IT security policies (e.g. IT-12)"",""Basic understanding of operating system and application integrations""}",intermediate,2026-02-02 12:57:11.972881,llama3.1:8b
707,7432,Access Control Lists (ACLs) on SDA,"{ACLs,""SDA permissions"",""file- and directory-level permissions""}",overview,unknown,"{""Basic knowledge of file systems and permissions""}",intermediate,2026-02-02 13:23:18.94586,llama3.1:8b
587,12034,IU Intelligent Infrastructure,"{""port group upgrade"",""Intelligent Infrastructure"",""VMware best practices""}",overview,admin,"{""IU Intelligent Infrastructure environment setup"",""basic understanding of VMware configuration""}",intermediate,2026-02-02 12:57:24.670048,llama3.1:8b
588,12036,IUIE (Indiana University Information Environment),"{IUIE,""Indiana University Information Environment"",""operational reporting environment""}",overview,unknown,{},intermediate,2026-02-02 12:57:36.482486,llama3.1:8b
589,12079,IU Web Services,"{Siteimprove,""web governance"",""IU web services""}",overview,faculty,{},beginner,2026-02-02 12:57:46.771996,llama3.1:8b
590,12092,Web Development,"{SiteKube,Sitehost,Branding,""Search Assets"",""CSS assets"",""JavaScript assets"",""Static HTML assets""}",overview,unknown,"{""basic knowledge of web development""}",intermediate,2026-02-02 12:58:03.988469,llama3.1:8b
591,12097,Active Directory Group Management,"{""distribution groups"",""Active Directory"",on-premises,""Exchange accounts"",""Microsoft 365""}",how-to,unknown,"{""Owners of an on-premises distribution group synced to O365 can't manage the distribution group in Exchange Online""}",intermediate,2026-02-02 12:58:05.001578,llama3.1:8b
592,11896,Enterprise Password Management,"{1Password,""enterprise password solution"",""Indiana University departments"",""password sharing"",""secure storage""}",overview,admin,{},intermediate,2026-02-02 12:58:35.585293,llama3.1:8b
593,12507,Kubernetes,"{Kubernetes,logging,""VMware vRealize Log Insight"",""cluster management"",""log collection""}",overview,admin,"{""Basic understanding of Kubernetes"",""Knowledge of cluster management""}",intermediate,2026-02-02 12:58:50.452286,llama3.1:8b
594,12101,OnBase,"{""Reporting Dashboards"",""OnBase module"",reporting,dashboards}",overview,admin,{},intermediate,2026-02-02 12:59:01.080397,llama3.1:8b
595,12105,IU Office Telephone Equipment,"{""office telephone equipment"",IU,""Teams Calls"",""audio devices""}",reference,unknown,{},intermediate,2026-02-02 12:59:12.317089,llama3.1:8b
596,12115,Container Orchestration,"{Docker,Kubernetes,containerization,""container orchestration"",""IU's Enterprise Kubernetes environment""}",overview,admin,{},intermediate,2026-02-02 12:59:25.658092,llama3.1:8b
597,12116,Active Directory,"{""organizational unit"",OU,container,""Microsoft Active Directory"",""Indiana University""}",overview,admin,"{""understanding of directory services""}",intermediate,2026-02-02 12:59:37.567099,llama3.1:8b
598,12117,Active Directory Services (ADS),"{""Active Directory Services"",""IU policies"",""ADS operational policies"",""ADS user accounts"",""Windows Active Directory""}",reference,admin,"{""basic understanding of Windows networking""}",intermediate,2026-02-02 12:59:51.950644,llama3.1:8b
599,12510,Container Orchestration,"{Kubernetes,Helm,Traefik}",reference,general,{},beginner,2026-02-02 13:00:01.905586,llama3.1:8b
600,2472,Geode-Project Policy,"{Geode-Project,""terms of service"",policy}",reference,general,{},unknown,2026-02-02 13:00:12.324166,llama3.1:8b
601,2468,Geode File System Policies,"{Geode,""Home Directory file system"",""Terms of Service""}",reference,general,{},unknown,2026-02-02 13:00:13.338173,llama3.1:8b
602,12119,Active Directory,"{""Group Policy"",""Active Directory"",IU}",troubleshooting,admin,"{""Understanding of Active Directory structure and inheritance""}",intermediate,2026-02-02 13:00:34.694454,llama3.1:8b
603,12121,Kubernetes,"{Kubernetes,docker,kubectl,""container images""}",overview,researcher,"{""understanding of containerization"",""familiarity with Kubernetes basics""}",intermediate,2026-02-02 13:00:47.023172,llama3.1:8b
604,12124,Docker and Container Management,"{Harbor,""image registry"",""container image repository"",Docker}",overview,unknown,{},intermediate,2026-02-02 13:00:58.995506,llama3.1:8b
605,1663,IRB Requirements,"{IU,""Indiana University"",""Human Subjects Office"",""Institutional Review Board"",IRB,HIPAA,PHI,""Protected Health Information""}",reference,researcher,"{""understanding of IRB requirements for research at IU"",""familiarity with HIPAA regulations""}",intermediate,2026-02-02 13:01:15.919266,llama3.1:8b
606,12154,Kubernetes Storage,"{Kubernetes,""persistent storage"",PersistentVolumeClaim,PVC,vSphere}",how-to,admin,"{""basic knowledge of Kubernetes"",""understanding of containerization""}",intermediate,2026-02-02 13:01:29.299436,llama3.1:8b
607,2158,Peebles Memorial Lectures,"{""Peebles Memorial Lectures"",""information technology"",lectures,""Indiana University""}",overview,general,{},unknown,2026-02-02 13:01:40.699305,llama3.1:8b
608,12162,Office Policy,"{CIB,plants,""potted plants"",pests,diseases,""office policy""}",policy,general,{},unknown,2026-02-02 13:01:52.471432,llama3.1:8b
609,2607,IU Research Supercomputers,"{hostnames,""IU research supercomputers"",UITS,bigred200,quartz}",reference,unknown,{},beginner,2026-02-02 13:02:05.121174,llama3.1:8b
610,2625,File Sharing,"{""home directory"",""Geode-Project space"",""shared access"",""IU research supercomputer users""}",how-to,researcher,"{""Understanding of IU research supercomputers"",""Knowledge of home directory and project space management""}",intermediate,2026-02-02 13:02:19.527224,llama3.1:8b
611,2633,Group Accounts,"{""group accounts"",""departmental accounts"",""IU accounts"",""account creation""}",overview,unknown,"{""individual computing accounts""}",intermediate,2026-02-02 13:02:20.535385,llama3.1:8b
612,2628,IU Computing Accounts,"{""UITS computing accounts"",""IU username change"",""username rename""}",how-to,unknown,"{""understanding IU computing account management"",""familiarity with UITS applications and systems""}",intermediate,2026-02-02 13:02:45.111765,llama3.1:8b
613,12163,Active Directory,"{""Active Directory"",""group management"",""organizational units"",""IU policy""}",policy,admin,{},intermediate,2026-02-02 13:02:56.978335,llama3.1:8b
614,12165,WCMS Configuration,"{WCMS,""roles and access"",""group management""}",overview,unknown,"{""WCMS configuration basics""}",intermediate,2026-02-02 13:03:08.034241,llama3.1:8b
615,12166,WCMS,"{WCMS,""content management"",templates,""metadata set"",""configuration set"",""content type"",pages}",overview,admin,"{""blank or empty site""}",intermediate,2026-02-02 13:03:22.563003,llama3.1:8b
616,2752,Research Computing Support,"{""biomedical research"",""UITS Research Technologies"",BHRS,""data management"",analysis,""database development"",""life sciences research workflows"",""HIPAA-regulated data""}",overview,researcher,{},unknown,2026-02-02 13:03:38.663882,llama3.1:8b
617,12167,PHP Programming,"{AppKube,PHP,""code update"",""web development""}",how-to,unknown,"{""basic PHP programming skills"",""understanding of web application development""}",intermediate,2026-02-02 13:03:51.280159,llama3.1:8b
618,12170,Waste Management,"{recycling,trash,ewaste,cib}",reference,student,{},beginner,2026-02-02 13:04:01.76134,llama3.1:8b
619,12171,Kubernetes,"{Kubernetes,""best practices"",Helm,""Helm Charts""}",overview,admin,"{""basic understanding of Kubernetes""}",intermediate,2026-02-02 13:04:13.002742,llama3.1:8b
620,12513,Networking,"{""proxy services"",""data center proxy"",""network proxy"",""Kubernetes environment"",""Linux native applications""}",how-to,researcher,"{""familiarity with IU Kubernetes environment"",""basic knowledge of Linux networking""}",intermediate,2026-02-02 13:04:26.995937,llama3.1:8b
621,2883,Data Security,"{PHI,HIPAA,""data security"",""Indiana University""}",policy,faculty,{},beginner,2026-02-02 13:04:28.004639,llama3.1:8b
622,2981,IU Computing Labs,"{""Student Technology Centers"",STCs,""Indiana University"",UITS,""computer labs""}",overview,student,{},beginner,2026-02-02 13:04:49.276576,llama3.1:8b
623,3315,File Transfer,"{SFTP,""Secure File Transfer Protocol"",""SSH File Transfer Protocol"",SCP}",overview,student,{},intermediate,2026-02-02 13:05:00.088232,llama3.1:8b
624,3595,Password Management,"{passphrase,""change passphrase"",""IU username"",""password management"",authentication}",how-to,unknown,"{""understanding IU username and passphrase usage""}",intermediate,2026-02-02 13:05:12.874327,llama3.1:8b
625,3598,Passphrase Management,"{""IU passphrase"",""passphrase reset"",""passphrase change""}",how-to,unknown,"{""IU account"",password}",intermediate,2026-02-02 13:05:24.977168,llama3.1:8b
626,3668,Unix File Permissions,"{""file permissions"",Unix,Linux,permissions,""access control""}",overview,student,{},intermediate,2026-02-02 13:05:35.682602,llama3.1:8b
627,12516,Harbor,"{""Harbor robot account"",migrate,deprecated,""v2 robot account"",""robot account migration""}",how-to,admin,"{""knowledge of Harbor configuration"",""basic understanding of container registry concepts""}",intermediate,2026-02-02 13:05:51.800753,llama3.1:8b
628,12519,Kubernetes Networking,"{Kubernetes,Traefik,Ingress,IngressRoute,IngressRouteTCP,""Traffic Routing""}",overview,researcher,"{""Understanding of Kubernetes basics"",""Familiarity with Traefik""}",intermediate,2026-02-02 13:06:08.188102,llama3.1:8b
629,3807,ThinLinc Client Configuration,"{""ThinLinc Client"",""Research Desktop"",IU,RED,Quartz,""Two-Step Login""}",how-to,researcher,"{""IU research computing account on Quartz"",""device enrolled with IU's Two-Step Login (Duo) service""}",intermediate,2026-02-02 13:06:24.472069,llama3.1:8b
630,3792,R Programming,"{R,""statistical computing"",graphics,""linear modeling"",""nonlinear modeling""}",overview,student,{},intermediate,2026-02-02 13:06:35.472702,llama3.1:8b
631,3661,Two-Step Login (Duo),"{""Two-Step Login"",Duo,IU,authentication,security}",reference,unknown,"{""Get started with Two-Step Login (Duo) at IU""}",intermediate,2026-02-02 13:06:36.486321,llama3.1:8b
632,12184,MATLAB at IU,"{MATLAB,""Indiana University"",""research supercomputers"",""Student Technology Centers""}",overview,unknown,{},unknown,2026-02-02 13:07:02.328016,llama3.1:8b
633,12186,File Management,"{""file permissions"",Pages,security}",how-to,student,{},beginner,2026-02-02 13:07:11.965831,llama3.1:8b
634,12525,SiteKube/AppKube,"{SiteKube,AppKube,""Aria Operations for Logs"",""log access""}",overview,unknown,{},intermediate,2026-02-02 13:07:24.504929,llama3.1:8b
635,12207,Unix Commands,"{Unix,""ls command"",""file listing"",wildcards}",how-to,student,"{""basic Unix knowledge""}",beginner,2026-02-02 13:07:35.572212,llama3.1:8b
636,12237,IUIE Mailing,"{PDQ,IUIE,""mailing functions"",""mailing request file""}",overview,unknown,"{""understanding PDQ development"",""familiarity with IUIE""}",intermediate,2026-02-02 13:07:49.3645,llama3.1:8b
637,12192,Stata Programming,"{Stata,""tabstat command"",""descriptive statistics"",macro,statistics}",how-to,researcher,"{""basic Stata programming knowledge""}",intermediate,2026-02-02 13:08:01.845723,llama3.1:8b
638,12197,IUanyWare,"{""data files"",""statistical software"",""mathematical software"",IUanyWare}",how-to,student,"{""working with IUanyWare applications"",""basic computer navigation""}",intermediate,2026-02-02 13:08:15.082815,llama3.1:8b
639,12200,Text File Conversion,"{""Unix text files"",""Windows text files"",""text file format"",""line feed"",""carriage return""}",overview,general,{},beginner,2026-02-02 13:08:26.920921,llama3.1:8b
640,12205,Windows Password Management,"{Windows,""administrator password"",""password reset"",""Active Directory"",IU}",how-to,faculty,"{""logging in as an administrator""}",intermediate,2026-02-02 13:08:38.914467,llama3.1:8b
641,12199,Encryption,"{GPG,""encryption software"",OpenPGP,""sensitive data"",PHI,HIPAA}",overview,researcher,"{""basic understanding of file security""}",intermediate,2026-02-02 13:08:39.927991,llama3.1:8b
642,12206,Unix Commands,"{ls,find,du,""recursive directory listing""}",how-to,unknown,"{""Unix basic commands"",""directory navigation""}",intermediate,2026-02-02 13:09:04.771197,llama3.1:8b
643,12243,IUanyWare,"{JAWS,""STC Desktop"",IUanyWare,""Citrix Workspace app""}",overview,student,"{""Citrix Workspace app installed"",""latest version of JAWS with remote access add-on""}",intermediate,2026-02-02 13:09:18.710109,llama3.1:8b
644,9829,Slate-Project Storage Policy,"{Slate-Project,""high performance storage system"",""terms of service""}",policy,general,{},unknown,2026-02-02 13:09:29.831225,llama3.1:8b
645,12211,Unix Shell,"{Unix,shell,history,csh,tcsh,bash}",how-to,researcher,"{""basic Unix shell knowledge""}",intermediate,2026-02-02 13:09:42.158097,llama3.1:8b
646,9939,IU Research Supercomputer,"{""home directory"",""IU research supercomputers"",""storage quotas"",access,Geode}",overview,researcher,{},intermediate,2026-02-02 13:09:54.030534,llama3.1:8b
647,6239,AppKube,"{AppKube,""IU's application hosting environment"",Kubernetes,""container-based platform"",""dynamic database-driven applications""}",overview,unknown,"{""basic knowledge of Kubernetes"",""understanding of containerized environments""}",intermediate,2026-02-02 13:10:08.921438,llama3.1:8b
648,2716,Indiana University Research Database Complex,"{""Research Database Complex"",RDC,""Indiana University"",MySQL,PostgreSQL,""database security""}",overview,researcher,{},intermediate,2026-02-02 13:10:21.349086,llama3.1:8b
649,12212,Unix Shell Commands,"{tail,Unix,command,""standard input"",""standard output""}",how-to,student,"{""Unix basic commands"",""file navigation""}",intermediate,2026-02-02 13:10:33.639311,llama3.1:8b
650,12214,Server Side Includes,"{SSI,Apache,""web development""}",how-to,student,"{HTML,""web server setup""}",intermediate,2026-02-02 13:10:44.805544,llama3.1:8b
651,4218,File Recovery on IU Supercomputers,"{""file recovery"",""IU supercomputers"",""home directory"",""Geode-Project space"",snapshots}",how-to,researcher,"{""understanding of file systems and directories on IU supercomputers""}",intermediate,2026-02-02 13:10:45.811862,llama3.1:8b
652,4622,IU Institutional Storage,"{""IU institutional storage"",""storage locations"",""metadata management""}",overview,faculty,"{""Creating IU institutional storage locations"",""IU OneStart account access""}",intermediate,2026-02-02 13:11:13.256037,llama3.1:8b
653,4538,Google Storage at IU,"{IU,""Google Drive"",""Google My Drive"",""Shared Drives"",""data migration"",""storage limits""}",overview,unknown,{},intermediate,2026-02-02 13:11:25.70672,llama3.1:8b
654,4530,Mobile Device Security,"{""mobile device security"",""data encryption"",""physical security"",""security features""}",overview,general,{},beginner,2026-02-02 13:11:37.738331,llama3.1:8b
655,4616,Sensitive Data Management,"{""Microsoft at IU Secure Storage"",""data protection"",""sensitive data"",""restricted data"",""critical data"",""protected health information"",PHI}",how-to,faculty,{},intermediate,2026-02-02 13:11:53.096334,llama3.1:8b
656,4645,Qualtrics,"{Qualtrics,""IU enterprise license"",""additional question types"",""file upload"",signature,""text highlight"",""advanced survey functionality""}",reference,faculty,"{""About Qualtrics at IU"",""creating a Qualtrics account at IU""}",intermediate,2026-02-02 13:12:09.155237,llama3.1:8b
657,12216,Electronic Lab Notebooks,"{LabArchives,""electronic lab notebook"",ELN,cloud-based,""research data management""}",overview,researcher,{},intermediate,2026-02-02 13:12:21.692197,llama3.1:8b
658,12023,BitLocker,"{BitLocker,""Active Directory"",""AD DS"",""Drive Encryption recovery information"",gpedit.msc}",reference,admin,"{""Understanding Active Directory Domain Service (AD DS)"",""Knowledge of Group Policy Editor (gpedit.msc)""}",intermediate,2026-02-02 13:12:39.150333,llama3.1:8b
659,12218,Microsoft Teams Configuration,"{""Suppress voice mail transcription"",""Microsoft Teams"",""voice mail"",transcription}",how-to,admin,{},intermediate,2026-02-02 13:12:51.602747,llama3.1:8b
660,1453,Secure File Transfer,"{SCP,Unix,SSH,FTP,Authentication}",how-to,unknown,"{""basic Unix command line skills"",""SSH and authentication knowledge""}",intermediate,2026-02-02 13:13:05.083321,llama3.1:8b
661,11836,Unix File Compression,"{""compressed files"",Unix,""file compression"",uncompress,tar}",reference,researcher,"{""basic Unix commands"",""understanding file extensions""}",intermediate,2026-02-02 13:13:06.093219,llama3.1:8b
662,12221,Screen Session Management,"{screen,""session management"",""lost connection""}",troubleshooting,unknown,"{""basic knowledge of screen commands"",""understanding of Unix/Linux environment""}",intermediate,2026-02-02 13:13:32.25748,llama3.1:8b
663,12224,Microsoft Outlook,"{""Microsoft Outlook"",reminders,Calendar,Task,email}",troubleshooting,general,"{""Basic knowledge of Microsoft Outlook"",""Setting up reminders in Outlook""}",beginner,2026-02-02 13:13:46.135238,llama3.1:8b
664,12222,Unix Utilities,"{unix,""screen program"",""virtual VT100 terminals""}",overview,unknown,"{""basic Unix knowledge""}",intermediate,2026-02-02 13:13:58.333938,llama3.1:8b
665,12225,xterm,"{""window title"",""current working directory"",xterm,shell,ksh,Emacs,vi}",how-to,unknown,"{""basic shell knowledge"",""xterm usage""}",intermediate,2026-02-02 13:14:13.470393,llama3.1:8b
666,12227,macOS Updates,"{""IU Common Build"",""macOS updates"",""Jamf Pro"",""operating system updates""}",overview,admin,{},intermediate,2026-02-02 13:14:25.103851,llama3.1:8b
667,12230,Apple Device Management,"{ADM,""application bundles"",""automatic software deployment"",""EMS-bundled applications""}",overview,admin,"{""Understanding of Apple Device Management (ADM)""}",intermediate,2026-02-02 13:14:37.875996,llama3.1:8b
668,12244,University Committees,"{""Indiana University"",""Learning Technologies Steering Committee"",LTSC,UITS,""Faculty Council""}",overview,faculty,{},intermediate,2026-02-02 13:14:51.094585,llama3.1:8b
669,12247,NVDA Screen Reader,"{NVDA,""screen reader"",accessibility}",overview,student,"{""basic computer knowledge""}",beginner,2026-02-02 13:15:02.238623,llama3.1:8b
670,4621,Institutional Data at IU,"{""institutional data"",IU,""classification levels"",""standards for managing institutional data""}",overview,faculty,{},intermediate,2026-02-02 13:15:14.066271,llama3.1:8b
671,4618,Data Management at IU,"{""Microsoft 365"",""Google at IU"",""institutional data"",""data storage""}",overview,admin,{},intermediate,2026-02-02 13:15:15.076536,llama3.1:8b
672,11529,Unix Command Reference,"{SIGHUP,""kill Unix login session remotely"",""hangup signal"",tty,""ps -fu""}",how-to,admin,"{""basic knowledge of Unix commands"",""ability to access shell""}",intermediate,2026-02-02 13:15:42.209992,llama3.1:8b
673,4546,IU Google Workspace,"{""Google Workspace for Education"",""Indiana University"",""IU Google Workspace""}",overview,unknown,{},beginner,2026-02-02 13:15:53.769916,llama3.1:8b
674,4533,IUanyWare,"{IUanyWare,""file access"",""cloud storage""}",overview,student,{},intermediate,2026-02-02 13:16:04.134551,llama3.1:8b
675,12231,Telecommunications Statements,"{Telecommunications,TISA,""PCR-360 portal"",IUIE}",overview,unknown,"{permissions,""access to TISA""}",beginner,2026-02-02 13:16:16.545468,llama3.1:8b
677,4962,Google Storage Migration,"{""Google at IU"",""My Drive data"",""migration options"",costs}",how-to,unknown,"{""understanding Google at IU accounts"",""determining file types (individual vs. institutional)""}",intermediate,2026-02-02 13:16:44.081166,llama3.1:8b
678,4982,Crystal Display Wall,"{""Crystal Display Wall"",""Cyberinfrastructure Building"",CIB,""Indiana University Bloomington"",UITS,AVL,CTS}",overview,faculty,{},intermediate,2026-02-02 13:16:57.958542,llama3.1:8b
679,11477,STC Public Desktops with IUanyWare,"{NVDA,IUanyWare,""STC public desktops""}",how-to,admin,"{""understanding of STC public desktops and IUanyWare""}",intermediate,2026-02-02 13:17:12.392689,llama3.1:8b
680,12249,Server Installation,"{""Server Core"",""Windows Server 2008"",""manual installation""}",how-to,admin,"{""basic computer knowledge"",""installation media""}",intermediate,2026-02-02 13:17:24.454619,llama3.1:8b
681,12250,FireForm Configuration,"{FireForm,""Format integration data"",metadata,""People Picker"",""Person Content Display""}",reference,admin,"{""Understanding FireForm basics""}",advanced,2026-02-02 13:17:25.467405,llama3.1:8b
682,12252,IUIE News Management,"{IUIE,""news management"",""update IUIE news"",locking}",overview,admin,{},intermediate,2026-02-02 13:17:49.76397,llama3.1:8b
683,12255,Text Editors,"{Nano,""text editor"",Unix,Pico,vi,Emacs}",overview,student,{},beginner,2026-02-02 13:18:01.249454,llama3.1:8b
684,12257,3D Printing,"{""3D printing"",""IU resources"",""UITS 3D Print Labs""}",overview,student,{},beginner,2026-02-02 13:18:12.633018,llama3.1:8b
685,12261,Linux IU,"{linux,iu,build,""administrative tasks"",ubuntu}",how-to,admin,"{""Ubuntu installation"",""Terminal basics""}",intermediate,2026-02-02 13:18:24.808145,llama3.1:8b
686,12265,II Enterprise S3 Object Storage,"{S3CMD,S4CMD,S3CURL,Cyberduck,WinSCP,""II Enterprise S3 Object Storage""}",reference,researcher,"{""Linux command-line interface"",""Indiana University's II Enterprise S3 Object Storage service""}",intermediate,2026-02-02 13:18:41.828819,llama3.1:8b
687,12266,Canvas Provisioning API,"{Canvas,""Provisioning API"",""Expand Provisioning API"",""IU Guest accounts"",""non-credit courses"",sections,enrollments}",how-to,admin,"{""understanding of Canvas and Expand systems"",""knowledge of REST APIs"",""OAUTH2 authentication""}",intermediate,2026-02-02 13:18:59.332828,llama3.1:8b
688,6029,Cloud Storage,"{""Microsoft OneDrive"",""IU Cloud Services"",Linux}",how-to,unknown,"{""IU account"",""Two-Step Login (Duo) setup"",""web browser installation""}",intermediate,2026-02-02 13:19:13.777501,llama3.1:8b
689,6033,IU Microsoft 365 Licensing,"{""A5 license"",""A1 license"",""Microsoft 365"",""Indiana University""}",overview,unknown,{},beginner,2026-02-02 13:19:25.792304,llama3.1:8b
690,12270,Purdue School of Engineering and Technology,"{""Computer Network Center"",""academic computing support"",""research computing"",engineering}",overview,unknown,{},beginner,2026-02-02 13:19:38.164931,llama3.1:8b
691,6224,IU Computing Accounts,"{""Indiana University"",""computing accounts"",eligibility,requirements}",reference,student,{},beginner,2026-02-02 13:19:39.173718,llama3.1:8b
692,6265,IU Computing Accounts,"{""Indiana University"",""computing accounts"",eligibility,access,policy,IT-03}",overview,unknown,"{""IU computing accounts"",""Eligibility to Use Information Technology Resources (IT-03) policy""}",intermediate,2026-02-02 13:20:06.647962,llama3.1:8b
693,6272,IU IT Support,"{IU,""IT Support"",campus,AskIT}",overview,student,{},beginner,2026-02-02 13:20:17.742121,llama3.1:8b
694,12272,Perl Programming at IU,"{perl,""research supercomputers"",macOS,""Student Technology Centers"",""module avail""}",overview,student,"{""access to IU systems"",""basic Linux command line knowledge""}",intermediate,2026-02-02 13:20:31.948798,llama3.1:8b
695,6454,Account Management,"{""UITS computing account"",""account termination"",""Eligibility to Use Information Technology Resources (IT-03)"",""Student computing accounts"",""ADS accounts""}",reference,admin,"{""Eligibility to Use Information Technology Resources (IT-03)""}",intermediate,2026-02-02 13:20:48.222649,llama3.1:8b
696,12274,Student Technology Fees,"{""Indiana University"",""student technology fee"",""University Information Technology Services"",UITS}",overview,student,{},beginner,2026-02-02 13:20:59.851114,llama3.1:8b
697,12276,Software Installation,"{NVivo,IUware,""license key"",""myNVivo portal""}",how-to,unknown,"{""IU login credentials"",""access to IUware""}",intermediate,2026-02-02 13:21:13.830438,llama3.1:8b
698,12283,IU Tools,"{Terracotta,IU,""Canvas learning management system""}",overview,faculty,{},intermediate,2026-02-02 13:21:24.570704,llama3.1:8b
699,10279,Research Services,"{""Peebles Memorial Lecture"",""Information Technology"",""Dr. David Crandall"",""Computer Vision""}",overview,researcher,{},unknown,2026-02-02 13:21:36.679088,llama3.1:8b
700,12286,FTP Configuration,"{""anonymous ftp"",""ftp configuration"",""security risks""}",overview,admin,"{""Understanding of basic file system permissions and access control""}",intermediate,2026-02-02 13:21:48.544408,llama3.1:8b
701,12288,IU Information Resources,"{""Indiana University"",""IT news"",seminars,lectures,groups}",reference,unknown,{},beginner,2026-02-02 13:21:49.550516,llama3.1:8b
702,6960,File Storage,"{""file storage"",""IU storage options"",""individual files"",""institutional files""}",overview,student,{},beginner,2026-02-02 13:22:12.92915,llama3.1:8b
703,7253,GPG Commands,"{GPG,encryption,decryption,""key management""}",reference,general,{},intermediate,2026-02-02 13:22:23.845838,llama3.1:8b
704,7396,ArcGIS,"{ArcGIS,IU,Esri,""geographic data"",mapping,analytics}",overview,faculty,{},intermediate,2026-02-02 13:22:35.80426,llama3.1:8b
705,7428,IU Scholarly Data Archive (SDA) Access,"{""IU SDA"",SFTP,SCP,GridFTP,""Globus Web App"",HSI}",overview,researcher,{},intermediate,2026-02-02 13:22:49.773708,llama3.1:8b
706,7431,HSI,"{checksums,""HSI version 4"",""Scholarly Data Archive"",SDA,PHI,encryption}",how-to,admin,"{""HSI basics"",""understanding Scholarly Data Archive (SDA)""}",intermediate,2026-02-02 13:23:05.321088,llama3.1:8b
738,12343,Network Cabling,"{""Ethernet cable"",""RJ45 coupler"",""straight-through cable"",""IU-specific cable""}",how-to,student,{},beginner,2026-02-02 13:30:08.980492,llama3.1:8b
708,7580,IU Software Acquisition,"{""Indiana University"",""software acquisition"",Microsoft,Adobe,IUanyWare,IUware,STCs}",overview,unknown,{},beginner,2026-02-02 13:23:34.379039,llama3.1:8b
709,12223,CS Gold,"{""door schedules"",""CS Gold"",""automatic unlock/relock""}",reference,admin,"{""Building/Door hierarchy"",""CG Gold interface""}",intermediate,2026-02-02 13:23:47.807863,llama3.1:8b
710,12289,WinSCP,"{WinSCP,""Windows data transfer servers"",IU,Dtp.iu.edu,Dtt.iu.edu}",how-to,researcher,"{""Basic knowledge of WinSCP"",""Understanding of Windows data transfer servers at IU""}",intermediate,2026-02-02 13:24:03.680722,llama3.1:8b
711,12291,Google Account Management,"{""Google data export"",""Google account transfer"",""IU Google accounts""}",how-to,unknown,"{""Resolve conflicts between Google at IU and personal Google accounts"",""Options for storing files at IU""}",intermediate,2026-02-02 13:24:04.688551,llama3.1:8b
712,12293,Web Page Graphics Troubleshooting,"{""web page graphics"",filenames,permissions,""file transfer"",""incompatible graphics types""}",overview,general,"{""basic knowledge of web development""}",intermediate,2026-02-02 13:24:35.347532,llama3.1:8b
713,7741,Parallel Computing,"{""Peebles Memorial Lecture"",""Thomas Sterling"",""Beowulf Cluster"",""HPC in Phase Change""}",overview,researcher,"{""High-Performance Computing (HPC)"",""Cluster Computing""}",advanced,2026-02-02 13:24:49.672202,llama3.1:8b
714,12346,University Equipment Disposal,"{IU,""Indiana University"",""equipment disposal"",""departmental responsibilities""}",overview,admin,{},beginner,2026-02-02 13:25:00.862101,llama3.1:8b
715,12350,Disk Devices,"{block,""disk devices"",""input/output operations""}",reference,researcher,{},intermediate,2026-02-02 13:25:10.960408,llama3.1:8b
716,7737,Software Engineering,"{""Software Engineering"",""Peebles Memorial Lecture"",SEI,""Carnegie Mellon University""}",overview,researcher,{},unknown,2026-02-02 13:25:22.930707,llama3.1:8b
717,7738,Research Services,"{""Peebles Memorial Lecture"",""Information Technology"",""Beth Plale"",""Data to Insight Center"",""Open Science""}",overview,researcher,{},unknown,2026-02-02 13:25:35.323966,llama3.1:8b
718,11234,IU Computing Account Termination,"{""Exchange account"",""email messages"",""calendar appointments"",""IU computing accounts"",""account termination""}",overview,unknown,"{""understanding of IU computing accounts and email services""}",intermediate,2026-02-02 13:25:49.82102,llama3.1:8b
719,8110,SLURM,"{Slurm,""job submission"",""IU research computing systems"",""batch jobs"",""resource management""}",overview,unknown,{},intermediate,2026-02-02 13:26:02.486135,llama3.1:8b
720,7944,IU Wireless Network,"{eduroam,""IU Secure"",""Android OS""}",how-to,unknown,{},beginner,2026-02-02 13:26:13.883085,llama3.1:8b
721,7281,Unix Commands,"{""unix commands"",""man page"",""file system management"",permissions,""directory creation""}",overview,student,"{""basic computer knowledge""}",beginner,2026-02-02 13:26:14.891391,llama3.1:8b
722,12287,Computer Approvals at IU,"{IU,""computer approvals"",""UA Lifecycle Request form"",""IT Equipment Order form""}",overview,unknown,{},intermediate,2026-02-02 13:26:40.22881,llama3.1:8b
723,12296,File Transfer,"{""IU ES nodes"",""data transfer"",SSH,SCP,SFTP}",overview,researcher,{},intermediate,2026-02-02 13:26:51.583161,llama3.1:8b
724,12298,Windows Wipe and Rebuild,"{""IU Common Build"",""Windows Wipe and Rebuild with Data Transfer"",""AD computer object"",""EMS-managed OU""}",how-to,admin,"{""Active Directory (AD) configuration"",""EMS setup""}",intermediate,2026-02-02 13:27:06.642587,llama3.1:8b
725,7982,Classroom Management,"{""IU Classroom Database"",""Indiana University instructional spaces"",""general-use rooms"",""department-controlled rooms""}",overview,faculty,{},beginner,2026-02-02 13:27:18.307247,llama3.1:8b
726,7983,IU_Bloomington_Classrooms,"{""Indiana University Bloomington"",""classroom media equipment"",""password codes""}",reference,faculty,{},beginner,2026-02-02 13:27:30.043915,llama3.1:8b
727,8106,Compiling Programs,"{compilation,quartz,""gnu compiler collection"",""intel compiler suite"",""nvidia hpc compilers"",""mvapich compilers"",lmod}",overview,researcher,"{""Lmod module management system""}",intermediate,2026-02-02 13:27:45.616596,llama3.1:8b
728,7997,Top Hat,"{""Guest Mode"",polling,""non-registered users"",conferences,meetings,""training sessions""}",overview,faculty,"{""Understanding of Top Hat platform""}",intermediate,2026-02-02 13:27:59.181528,llama3.1:8b
729,12308,GDPR,"{""General Data Protection Regulation"",""data protection"",""processing activities""}",overview,faculty,{},intermediate,2026-02-02 13:28:09.864304,llama3.1:8b
730,12309,Data Gateway,"{""Microsoft's on-premises data gateway"",""Power BI"",""Power Apps"",""Power Automate"",""Azure Analysis Services"",""Azure Logic Apps""}",overview,admin,{},intermediate,2026-02-02 13:28:25.452892,llama3.1:8b
731,12312,Data Management,"{""IU REDCap"",Tableau,""API token"",""web data connector"",""data exports""}",how-to,researcher,"{""familiarity with IU REDCap"",""basic understanding of Tableau""}",intermediate,2026-02-02 13:28:26.461549,llama3.1:8b
732,12316,Data Protection in Office Equipment,"{""data protection"",copiers,""multifunction devices"",""digital data retention""}",overview,admin,{},intermediate,2026-02-02 13:28:53.9807,llama3.1:8b
733,12319,Data Security,"{""data removal"",""secure deletion"",""IU policy"",""wiping utilities"",degaussing}",overview,admin,{},intermediate,2026-02-02 13:29:06.200943,llama3.1:8b
734,12326,Data Center Access Policy,"{""IU Data Center"",""access control policy"",security}",overview,faculty,{},unknown,2026-02-02 13:29:17.533173,llama3.1:8b
735,12327,ChatGPT Migration,"{""ChatGPT Edu"",""IU ChatGPT Edu workspace"",migration,""pilot program""}",overview,unknown,{},intermediate,2026-02-02 13:29:31.058969,llama3.1:8b
736,12334,IU Common Build,"{clean,""IU Common Build"",Windows}",how-to,unknown,"{""IU Common Build overview"",""create boot media""}",advanced,2026-02-02 13:29:43.187707,llama3.1:8b
737,8359,IU Print,"{""IU Print"",""queue configuration"",UITS,""departmental printers""}",how-to,student,"{""understanding of IU Print system"",""knowledge of departmental printer management""}",intermediate,2026-02-02 13:29:56.836153,llama3.1:8b
739,12351,Document Remediation,"{""electronic document remediation"",""supplier assistance"",accessibility,""disability compliance""}",overview,admin,"{""document formats (e.g., Word, Excel, PDF)""}",beginner,2026-02-02 13:30:22.415275,llama3.1:8b
740,12352,Endpoint Management,"{""IU Common Build"",""Endpoint Management Services (EMS)"",""operating system updates"",""application updates"",""baseline security""}",overview,general,{},unknown,2026-02-02 13:30:36.066282,llama3.1:8b
741,12386,IU Common Build,"{""IU Common Build"",""Service Level Expectations"",""Operating System Installation"",Configuration}",overview,admin,{},advanced,2026-02-02 13:30:37.073144,llama3.1:8b
742,1946,IU Science DMZ,"{""Indiana University"",""Science DMZ"",""high-performance networking""}",overview,researcher,{},intermediate,2026-02-02 13:30:59.177955,llama3.1:8b
743,4065,IU SSL VPN,"{""IU SSL VPN"",""Cisco Secure Client"",AnyConnect,""mobile device""}",how-to,student,"{""basic knowledge of mobile devices"",""familiarity with IU's SSL VPN""}",intermediate,2026-02-02 13:31:12.744801,llama3.1:8b
744,12397,WCMS Policy,"{WCMS,""Terms of Use"",""Indiana University Web Content Management System""}",policy,admin,{},unknown,2026-02-02 13:31:23.422689,llama3.1:8b
745,12402,Microsoft Teams Meetings,"{""Microsoft Teams"",""PC-based conference rooms"",videoconferencing,collaboration,""meeting etiquette""}",how-to,unknown,"{""basic understanding of Microsoft Teams"",""familiarity with PCVC equipment""}",intermediate,2026-02-02 13:31:38.113058,llama3.1:8b
746,12405,EWA Server Migration,"{""server migration"",""Enterprise Windows and Azure Administration"",EWA}",how-to,admin,{},intermediate,2026-02-02 13:31:48.969801,llama3.1:8b
747,12407,IU Records Management,"{RRSD,""Records Retention Schedule Database"",""IU Policies""}",reference,admin,{},intermediate,2026-02-02 13:31:59.464043,llama3.1:8b
748,12449,Email Services,"{SMTP,""email services"",""external email"",""SSL encryption"",authentication}",overview,faculty,"{""Basic understanding of email protocols and security""}",intermediate,2026-02-02 13:32:11.41963,llama3.1:8b
749,12408,Security Policy,"{""Mobile Device Security"",""IU Policy"",""Data Protection""}",policy,unknown,{},unknown,2026-02-02 13:32:22.189223,llama3.1:8b
750,12411,OnBase,"{OnBase,""user management"",permissions,membership}",how-to,admin,"{""Point of Contact (POC) role"",""Acceptable Use Agreement"",""FERPA tutorial"",""HRMS Data Use tutorial""}",intermediate,2026-02-02 13:32:36.740988,llama3.1:8b
751,12414,DFS at IU,"{""DFS management"",IU,""distributed file system"",namespace}",how-to,admin,"{""Server 2008 R2"",""File Services role""}",intermediate,2026-02-02 13:32:37.746524,llama3.1:8b
752,12415,IU Website Management,"{""retire website"",""IU policy"",SiteKube,Sitehost}",how-to,faculty,"{""understanding IU policies on website management"",""familiarity with Sitehost and/or SiteKube""}",intermediate,2026-02-02 13:33:05.895437,llama3.1:8b
753,12422,Salesforce CRM,"{Salesforce,CRM,""Event Campaigns""}",how-to,admin,"{""Creating an Event Campaign in Salesforce CRM""}",intermediate,2026-02-02 13:33:17.310382,llama3.1:8b
754,12424,VPAT Review,"{VPAT,""Accessibility Compliance Report"",ACR,""stage 1 review"",""medium-level review""}",how-to,admin,"{""Perform a full review of a VPAT"",""Understanding accessibility compliance requirements""}",intermediate,2026-02-02 13:33:34.010113,llama3.1:8b
755,12428,Accessibility Compliance,"{VPAT,""Accessiblity Compliance Report (ACR)"",""accessibility documentation""}",overview,unknown,"{""Understanding of accessibility requirements and compliance standards""}",intermediate,2026-02-02 13:33:46.749741,llama3.1:8b
756,2417,SLURM,"{python,""package installation"",""research supercomputers"",IU,SLURM}",how-to,researcher,"{""basic Python knowledge"",""understanding of Linux command-line interface""}",intermediate,2026-02-02 13:34:00.720467,llama3.1:8b
757,12426,VPAT Review,"{VPAT,""Accessibility Compliance Report (ACR)"",""accessibility documentation"",""vendor-provided accessibility information""}",overview,researcher,"{""understanding of VPAT and ACR concepts"",""familiarity with accessibility compliance requirements""}",intermediate,2026-02-02 13:34:18.141298,llama3.1:8b
758,11487,Grade Entry,"{""Faculty Center"",""grade roster"",""Indiana University"",Canvas,UITS}",how-to,faculty,"{""familiarity with Faculty Center"",""knowledge of Canvas (optional)""}",intermediate,2026-02-02 13:34:31.651925,llama3.1:8b
759,12446,Email Relay,"{SMTP,""email relay"",""IU authentication""}",how-to,faculty,"{""email setup"",""IU account""}",intermediate,2026-02-02 13:34:42.446811,llama3.1:8b
760,12447,Email and Mail Services,"{email,""IU addresses"",""error messages""}",reference,faculty,{},intermediate,2026-02-02 13:34:52.650723,llama3.1:8b
761,12462,Audit Configurations,"{""Log-Alert audit configurations"",""audit policy"",GPO,""SACL entries"",""Windows event IDs"",IT-12}",overview,admin,{},intermediate,2026-02-02 13:34:53.658418,llama3.1:8b
762,12464,Tomcat Deployment,"{J2EE,Tomcat,deployment,re-deployment,""Enterprise Linux Administration""}",reference,admin,"{""basic understanding of Tomcat and J2EE"",""experience with Enterprise Linux Administration""}",advanced,2026-02-02 13:35:22.215175,llama3.1:8b
763,12468,Canvas Setup,"{Canvas,""IU guests"",""non-credit courses"",sections,enrollments,""IU Expand""}",how-to,admin,"{""understanding of Canvas and IU Expand platforms"",""access to UITS LMS Development team""}",intermediate,2026-02-02 13:35:41.539354,llama3.1:8b
764,11772,EDSS Data Availability,"{IUIE,EDSS,""data availability"",reporting}",overview,unknown,{},beginner,2026-02-02 13:35:53.677929,llama3.1:8b
765,4081,IU VPN,"{""Indiana University"",""SSL VPN"",""split tunneling"",""VPN service"",""encrypted connection""}",overview,faculty,"{""basic understanding of IU VPN services""}",intermediate,2026-02-02 13:36:06.332825,llama3.1:8b
766,2314,IU CRM,"{Salesforce,""Indiana University CRM"",""constituent relationship management""}",overview,general,{},unknown,2026-02-02 13:36:16.821829,llama3.1:8b
767,1904,File Systems,"{ACLs,Slate-Project,""POSIX Access Control Lists"",""file systems"",""high performance""}",how-to,researcher,"{""basic knowledge of file systems"",""familiarity with POSIX ACLs""}",intermediate,2026-02-02 13:36:34.047889,llama3.1:8b
768,1438,HIPAA,"{""Health Insurance Portability and Accountability Act"",""HIPAA rules"",""healthcare system""}",overview,general,{},unknown,2026-02-02 13:36:44.906611,llama3.1:8b
769,9694,Network Security,"{""network security"",vulnerabilities,""operating system"",software}",how-to,student,{},beginner,2026-02-02 13:36:55.866266,llama3.1:8b
770,12476,Data Warehouse Accounts,"{IU,""departmental accounts"",""data warehouse"",""data extracts"",Tableau}",overview,unknown,"{""Understanding of Indiana University Data Warehouse"",""Basic IT knowledge""}",intermediate,2026-02-02 13:37:09.362203,llama3.1:8b
771,12483,Kubernetes Security,"{""security incidents"",Kubernetes,""Enterprise Kubernetes environment""}",overview,admin,{},intermediate,2026-02-02 13:37:10.367249,llama3.1:8b
772,12486,Kubernetes Monitoring,"{Prometheus,""Kubernetes Monitoring"",""Monitoring Configuration"",""Kubernetes Applications""}",how-to,admin,"{""basic knowledge of Kubernetes"",""familiarity with Prometheus""}",intermediate,2026-02-02 13:37:34.613733,llama3.1:8b
773,12489,Kubernetes Documentation,"{Kubernetes,Helm,Docker,""IU Kubernetes documentation""}",reference,general,{},intermediate,2026-02-02 13:37:45.716124,llama3.1:8b
774,1660,UITS Billing,"{UITS,rates,billing,""direct-bill services""}",reference,admin,{},unknown,2026-02-02 13:37:56.160669,llama3.1:8b
775,12492,Kubernetes at IU,"{Kubernetes,IU,""Enterprise Kubernetes Environments"",docker@iu.edu,docker-l@iu.edu,#docker}",overview,student,{},unknown,2026-02-02 13:38:08.981523,llama3.1:8b
776,12495,Kubernetes,"{Kubernetes,""Enterprise Kubernetes Environment"",helm-k8s-boot,""Spring Boot""}",overview,student,"{""basic understanding of Kubernetes, prior experience with Spring Boot""}",intermediate,2026-02-02 13:38:21.869992,llama3.1:8b
777,12498,Kubernetes Security,"{Kubernetes,""sensitive data"",""University Information Policy Office (UIPO)"",""data classification""}",reference,admin,"{""basic understanding of Kubernetes and IU's environment"",""familiarity with University Information Policy Office (UIPO)""}",intermediate,2026-02-02 13:38:39.262758,llama3.1:8b
778,6145,Lmod Module Management,"{""IU research supercomputers"",""software environment management"",modules,Lmod}",overview,researcher,"{""understanding of IU research supercomputer environments"",""basic knowledge of command-line interface""}",intermediate,2026-02-02 13:38:53.355423,llama3.1:8b
779,9166,IU Email Policy,"{""Indiana University"",""IU Email"",""IU Domain"",""One Mail at IU""}",overview,unknown,{},beginner,2026-02-02 13:39:05.707419,llama3.1:8b
780,1518,Two-Step Login (Duo),"{""Two-Step Login"",Duo,IU}",how-to,student,{},beginner,2026-02-02 13:39:16.881899,llama3.1:8b
781,1974,IU Research Supercomputers,"{""home directory quota"",""IU research supercomputers"",Geode,""quota check""}",overview,unknown,{},intermediate,2026-02-02 13:39:17.889605,llama3.1:8b
782,2132,Research Computing,"{""research technologies"",IU,UITS,cyberinfrastructure,""Indiana University""}",overview,faculty,{},beginner,2026-02-02 13:39:41.390664,llama3.1:8b
783,2188,IU Wireless Networking,"{eduroam,""IU Secure"",""wireless network"",""IU campuses"",""Connect to eduroam""}",overview,unknown,{},intermediate,2026-02-02 13:39:54.52035,llama3.1:8b
784,2224,NIH Data Management and Access,"{NIH,""Genomic Data Sharing (GDS) Policy"",""controlled-access data"",""security best practices""}",overview,unknown,"{""Genomic Data Sharing (GDS) Policy"",""data management and access practices""}",intermediate,2026-02-02 13:40:10.516485,llama3.1:8b
785,2183,Research Desktop Troubleshooting,"{""research desktop"",""login issues"",""quota issues"",""screen size issues"",thindrives}",troubleshooting,student,{},intermediate,2026-02-02 13:40:23.051511,llama3.1:8b
786,2194,IU_Bloomington_Multimedia_Equipment,"{""multimedia equipment"",""classroom technology"",""reporting issues""}",how-to,faculty,{},unknown,2026-02-02 13:40:34.607047,llama3.1:8b
787,2026,HIPAA Compliance,"{""protected health information"",PHI,""HIPAA compliance"",IU}",policy,unknown,{},intermediate,2026-02-02 13:40:46.344495,llama3.1:8b
788,2072,Data Security on High Performance File Systems,"{HIPAA,PHI,Encryption,""Access Control"",""High Performance File Systems"",IU}",overview,researcher,"{""Understanding HIPAA regulations"",""Basic knowledge of IU's high performance file systems""}",intermediate,2026-02-02 13:41:04.47876,llama3.1:8b
789,2092,High Performance Storage System (HPSS),"{""High Performance Storage System"",HPSS,""hierarchical file system"",""data management""}",overview,researcher,{},intermediate,2026-02-02 13:41:16.551415,llama3.1:8b
790,9987,Research Desktop (RED),"{""Research Desktop"",IU,""Quartz research supercomputer""}",overview,unknown,{},beginner,2026-02-02 13:41:27.865798,llama3.1:8b
791,10436,IU Research Storage,"{""IU SDA account"",""Indiana University research computing"",""storage systems"",""sensitive institutional data"",""UITS Research Technologies services""}",overview,researcher,"{""Understanding types of sensitive institutional data""}",intermediate,2026-02-02 13:41:28.869501,llama3.1:8b
792,10497,Kaltura Video Content Management,"{Kaltura,OneDrive,""Microsoft Teams"",""Canvas My Media""}",how-to,faculty,"{""access to Kaltura through Canvas or MediaSpace"",""permission to access OneDrive content""}",intermediate,2026-02-02 13:42:00.129748,llama3.1:8b
793,10507,Microsoft Collaboration Tools,"{SharePoint,OneDrive,Teams,""file recovery"",""recycle bin""}",overview,general,"{""basic understanding of Microsoft collaboration tools""}",intermediate,2026-02-02 13:42:14.341063,llama3.1:8b
794,11755,Microsoft Exchange Online,"{""Exchange Online"",Outlook,""Windows Mail"",""shared mailboxes""}",how-to,unknown,{},intermediate,2026-02-02 13:42:25.842247,llama3.1:8b
795,11110,Student Registration,"{Stellic,""SIS Student Center"",""IU Columbus"",""IU East"",""IU Fort Wayne"",""IU Kokomo"",""IU Northwest"",""IU South Bend"",""IU Southeast"",""IU Bloomington"",""IU Indianapolis""}",reference,student,"{""Understanding of IU student information systems""}",beginner,2026-02-02 13:42:45.948984,llama3.1:8b
796,2276,Mobile App,"{""IU Mobile"",CrimsonCard,""campus job""}",overview,student,{},beginner,2026-02-02 13:42:56.483274,llama3.1:8b
797,11886,ArcGIS Online,"{""ArcGIS Online"",IU,Esri,GIS,""geographic data""}",overview,unknown,{},intermediate,2026-02-02 13:43:10.743065,llama3.1:8b
798,11878,Canvas,"{Canvas,""course defaults"",IU,""SIS provisioning"",""navigation menu"",""native tools"",""external tools""}",overview,faculty,{},intermediate,2026-02-02 13:43:23.028042,llama3.1:8b
799,11999,Qualys Cloud Agent,"{""Qualys cloud agent"",""vulnerability report"",""Indiana University assets"",""OS fingerprinting"",""application versions""}",overview,admin,{},beginner,2026-02-02 13:43:35.357524,llama3.1:8b
800,3094,SSH,"{SSH,""public key authentication"",""remote system"",security}",how-to,unknown,"{""basic understanding of SSH"",""Linux or macOS familiarity""}",intermediate,2026-02-02 13:43:49.15602,llama3.1:8b
801,3369,Software and Services Selection Process,"{""IU SSSP"",""Software and Services Selection Process"",""UITS Software and Services Selection Process team""}",overview,unknown,"{""Understanding of IU policies""}",intermediate,2026-02-02 13:43:50.16517,llama3.1:8b
802,12174,Kubernetes,"{kubernetes,""available clusters"",""indiana university""}",reference,unknown,{},intermediate,2026-02-02 13:44:17.107993,llama3.1:8b
803,4961,Google Drive,"{""Google Drive"",""IU My Drive"",""file management"",""folder organization""}",overview,student,"{""basic computer skills"",""familiarity with IU resources""}",intermediate,2026-02-02 13:44:29.924387,llama3.1:8b
804,6027,Office Online at IU,"{""Microsoft OneDrive"",""Microsoft 365"",""IU documents"",""office online""}",how-to,unknown,"{""IU account"",""Microsoft 365 at IU login""}",intermediate,2026-02-02 13:44:43.334307,llama3.1:8b
805,12271,UITS Service Assessment,"{UITS,""User Satisfaction Survey"",""Support Center""}",overview,admin,{},unknown,2026-02-02 13:44:53.559101,llama3.1:8b
806,6467,Microsoft 365 at IU,"{""Microsoft 365"",IU,subscription,software}",overview,unknown,{},intermediate,2026-02-02 13:45:05.179736,llama3.1:8b
807,7400,ArcGIS,"{ArcGIS,Esri,""Indiana University"",IUanyWare,""Student Technology Centers"",""departmental labs""}",overview,unknown,{},intermediate,2026-02-02 13:45:18.6768,llama3.1:8b
808,7740,Peebles Memorial Lecture,"{""Peebles Memorial Lecture"",""Information Technology"",""Research Services Expo"",""Indiana University""}",overview,general,{},unknown,2026-02-02 13:45:30.612912,llama3.1:8b
809,12457,Salesforce Marketing Cloud at IU,"{""Content Builder"",""Salesforce Marketing Cloud"",IU}",overview,admin,"{""basic knowledge of Salesforce Marketing Cloud at IU""}",intermediate,2026-02-02 13:45:43.086259,llama3.1:8b
810,12459,Advising Tools,"{AdRx,advisors,coaches,""enterprise alerts"",""campus custom alerts""}",overview,unknown,"{""basic knowledge of AdRx or similar advising tools""}",intermediate,2026-02-02 13:45:57.134049,llama3.1:8b
811,12482,Canvas,"{""Canvas and Expand Provisioning app"",""LTI tool"",""IU Expand"",""Indiana University elearning portal""}",overview,admin,{},intermediate,2026-02-02 13:45:58.144425,llama3.1:8b
812,12502,Kubernetes,"{""IU's Enterprise Kubernetes Environment"",EKE,""vSphere login"",kubectl}",how-to,researcher,"{""Understanding of Kubernetes basics"",""Access to IU's EKE environment""}",intermediate,2026-02-02 13:46:27.226425,llama3.1:8b
