source_id,target_id,created_at
2194,2188,2026-01-31 14:58:52.559002
1453,1527,2026-01-31 14:38:52.237406
2240,6224,2026-01-31 14:35:25.439728
4081,10334,2026-01-31 15:07:31.012078
11975,1422,2026-01-31 17:23:13.534748
1915,1473,2026-01-31 14:36:33.735167
9935,1834,2026-01-31 14:34:23.718904
2131,1676,2026-01-31 14:57:17.214397
2197,1506,2026-01-31 14:59:01.865154
9885,2716,2026-01-31 14:34:49.63491
10253,10253,2026-01-31 16:38:38.057404
11677,1819,2026-01-31 17:15:00.066248
1674,1473,2026-01-31 14:46:12.346915
10445,2098,2026-01-31 14:36:43.928778
1461,2026,2026-01-31 14:39:16.816053
11277,1422,2026-01-31 17:04:41.008547
1458,1422,2026-01-31 14:34:35.560715
9829,1934,2026-01-31 14:33:28.72474
2240,8110,2026-01-31 14:35:25.439728
10648,4546,2026-01-31 16:54:03.016133
1904,9829,2026-01-31 14:34:27.534734
10462,10445,2026-01-31 16:45:27.807218
10526,4621,2026-01-31 14:47:51.113263
4618,1647,2026-01-31 16:54:28.70314
9852,1446,2026-01-31 14:43:15.284525
9875,1661,2026-01-31 14:33:38.978175
11358,2426,2026-01-31 17:07:32.948703
10968,2304,2026-01-31 16:57:31.486827
1974,1536,2026-01-31 14:34:39.563109
7743,7741,2026-01-31 16:40:20.367008
1746,1461,2026-01-31 14:33:46.827539
2195,2188,2026-01-31 14:58:56.949664
12276,6272,2026-01-31 17:33:11.209644
11217,6454,2026-01-31 17:02:43.414316
9987,9935,2026-01-31 14:35:10.530814
3180,1819,2026-01-31 14:53:28.060759
10015,1422,2026-01-31 14:35:42.330727
12255,2124,2026-01-31 17:32:28.590203
9875,1564,2026-01-31 14:33:38.978175
1709,1473,2026-01-31 14:48:27.273685
11719,4083,2026-01-31 17:16:10.989156
10334,6272,2026-01-31 14:53:31.806128
10677,1580,2026-01-31 16:54:35.500547
1458,1431,2026-01-31 14:34:35.560715
11636,1422,2026-01-31 17:13:42.68058
11686,1422,2026-01-31 17:15:20.980306
11368,1422,2026-01-31 17:07:59.507577
2883,1668,2026-01-31 16:41:47.486916
11488,1656,2026-01-31 17:10:48.57013
12205,1696,2026-01-31 17:30:31.024878
1974,1934,2026-01-31 14:34:39.563109
2197,2192,2026-01-31 14:59:01.865154
1479,1438,2026-01-31 14:40:08.463857
10944,4083,2026-01-31 16:58:39.097382
1677,1702,2026-01-31 14:45:36.857513
10347,1676,2026-01-31 16:41:58.075479
12468,1879,2026-01-31 17:36:23.505787
9935,1467,2026-01-31 14:34:23.718904
9163,9166,2026-01-31 15:05:59.125389
1700,6272,2026-01-31 14:47:57.202731
1746,1915,2026-01-31 14:33:46.827539
1675,1685,2026-01-31 14:46:15.801597
9972,1467,2026-01-31 14:35:00.321311
1422,6272,2026-01-31 14:36:05.548314
1467,1467,2026-01-31 14:32:55.519873
9852,1479,2026-01-31 14:43:15.284525
1884,1600,2026-01-31 14:52:49.84136
1495,1467,2026-01-31 14:32:58.951778
2126,1564,2026-01-31 14:35:03.777115
2162,1644,2026-01-31 14:58:04.217047
11761,11758,2026-01-31 17:17:18.663032
11472,11477,2026-01-31 17:10:29.656557
10651,10650,2026-01-31 17:06:53.257977
10015,1495,2026-01-31 14:35:42.330727
12476,11655,2026-01-31 17:36:36.877079
11499,1765,2026-01-31 17:11:06.182625
4621,1473,2026-01-31 14:43:30.208833
1458,1506,2026-01-31 14:34:35.560715
12036,4621,2026-01-31 17:24:39.160815
2468,1422,2026-01-31 16:55:28.409002
10666,1536,2026-01-31 16:54:32.121795
1892,2197,2026-01-31 14:53:05.534051
9980,2162,2026-01-31 14:35:07.091651
4065,4072,2026-01-31 15:06:36.895698
1696,1527,2026-01-31 14:47:41.856188
1915,2072,2026-01-31 14:36:33.735167
9921,3807,2026-01-31 14:34:12.101679
1644,2395,2026-01-31 14:44:54.739694
2026,1446,2026-01-31 14:40:02.846599
1644,2397,2026-01-31 14:44:54.739694
4080,6272,2026-01-31 15:07:11.815399
10623,6467,2026-01-31 16:53:39.046994
12034,1506,2026-01-31 17:24:34.884401
1709,1479,2026-01-31 14:48:27.273685
9875,1656,2026-01-31 14:33:38.978175
10290,1445,2026-01-31 16:41:00.144847
10982,1819,2026-01-31 16:57:47.431073
7737,10279,2026-01-31 16:40:09.417137
2625,1934,2026-01-31 14:54:37.334017
2716,2026,2026-01-31 14:48:30.589812
1768,4546,2026-01-31 14:49:06.19085
10347,4067,2026-01-31 16:41:58.075479
1968,1934,2026-01-31 14:37:49.79186
2152,1879,2026-01-31 14:57:44.593761
1836,1473,2026-01-31 14:34:06.379991
1675,1645,2026-01-31 14:46:15.801597
2188,1422,2026-01-31 14:35:14.532331
9875,6033,2026-01-31 14:33:38.978175
3807,1527,2026-01-31 14:41:45.175989
11980,1819,2026-01-31 17:23:21.181262
1553,9853,2026-01-31 14:33:07.104999
10576,1676,2026-01-31 16:52:48.805382
4080,4081,2026-01-31 14:43:34.007473
10490,1702,2026-01-31 16:46:32.506608
9875,1495,2026-01-31 14:33:38.978175
1453,2219,2026-01-31 14:38:52.237406
9880,1479,2026-01-31 14:33:42.921128
7396,9965,2026-01-31 15:02:59.695027
2072,1465,2026-01-31 14:34:52.969819
10446,10442,2026-01-31 16:44:59.901436
9852,1600,2026-01-31 14:43:15.284525
2191,7944,2026-01-31 14:58:37.999797
4080,4082,2026-01-31 14:43:34.007473
11757,11758,2026-01-31 17:17:12.826672
10439,2026,2026-01-31 14:55:04.964646
1663,1446,2026-01-31 14:45:50.399139
9163,2633,2026-01-31 15:05:59.125389
11585,4067,2026-01-31 17:13:15.046274
10347,4538,2026-01-31 16:41:58.075479
3595,2193,2026-01-31 17:00:38.396254
8359,1422,2026-01-31 17:31:56.986646
11480,1662,2026-01-31 17:10:44.608283
11677,1768,2026-01-31 17:15:00.066248
11277,1871,2026-01-31 17:04:41.008547
9875,1678,2026-01-31 14:33:38.978175
1536,1446,2026-01-31 14:32:41.739544
11413,1580,2026-01-31 17:09:03.215962
9939,1506,2026-01-31 14:34:42.892668
1467,1446,2026-01-31 14:32:55.519873
9931,6224,2026-01-31 14:51:36.987984
11531,11534,2026-01-31 17:11:20.125214
10577,1600,2026-01-31 16:52:52.679464
9875,4218,2026-01-31 14:44:43.924515
1536,1453,2026-01-31 14:32:41.739544
3661,1819,2026-01-31 17:10:00.951202
10049,1458,2026-01-31 15:56:15.406158
1681,4080,2026-01-31 14:47:05.549338
10062,2275,2026-01-31 15:56:55.946358
11183,1644,2026-01-31 17:01:23.985076
12092,12179,2026-01-31 17:24:47.30146
9875,1702,2026-01-31 14:33:38.978175
2389,1431,2026-01-31 14:35:45.745785
9853,1446,2026-01-31 14:33:25.043511
1663,1438,2026-01-31 14:45:50.399139
11795,1506,2026-01-31 17:19:05.52444
1446,2883,2026-01-31 14:38:17.946125
2389,1564,2026-01-31 14:35:45.745785
2132,1536,2026-01-31 14:53:36.3124
9931,6272,2026-01-31 14:51:36.987984
10516,4538,2026-01-31 14:48:08.298077
9970,1422,2026-01-31 14:34:56.345519
3280,10445,2026-01-31 16:45:11.985656
10487,1438,2026-01-31 16:46:24.095052
2452,11732,2026-01-31 14:51:51.621826
10490,1656,2026-01-31 16:46:32.506608
10347,10523,2026-01-31 16:41:58.075479
9987,2124,2026-01-31 14:35:10.530814
10516,1685,2026-01-31 14:48:08.298077
11854,4546,2026-01-31 17:20:59.232149
2472,9875,2026-01-31 14:38:48.984789
12312,2311,2026-01-31 17:34:03.540652
2103,4987,2026-01-31 14:56:51.244345
11807,10352,2026-01-31 17:19:46.161797
6145,2240,2026-01-31 14:49:17.754913
3598,6272,2026-01-31 15:00:45.58667
12266,1656,2026-01-31 17:32:47.430698
1650,1422,2026-01-31 14:45:12.846213
1974,7281,2026-01-31 14:34:39.563109
4962,6033,2026-01-31 16:45:52.648969
1746,9885,2026-01-31 14:33:46.827539
11528,11529,2026-01-31 17:11:14.342049
12483,11010,2026-01-31 17:36:45.996074
10983,10942,2026-01-31 17:17:58.232072
11334,1819,2026-01-31 17:06:57.425051
11209,4621,2026-01-31 17:02:16.19635
9925,6145,2026-01-31 14:51:18.314489
2432,1445,2026-01-31 15:05:27.271929
11903,1422,2026-01-31 17:22:58.844608
9980,2148,2026-01-31 14:35:07.091651
7432,3315,2026-01-31 16:46:19.80243
12486,11010,2026-01-31 17:36:51.676132
2456,2633,2026-01-31 15:06:25.168179
2452,1819,2026-01-31 14:51:51.621826
10347,4083,2026-01-31 16:41:58.075479
10623,1834,2026-01-31 16:53:39.046994
11365,2426,2026-01-31 17:07:47.584688
1675,4621,2026-01-31 14:46:15.801597
9935,4546,2026-01-31 14:34:23.718904
4083,1819,2026-01-31 15:07:37.76717
10445,3315,2026-01-31 14:36:43.928778
7737,7741,2026-01-31 16:40:09.417137
10658,1834,2026-01-31 16:54:22.059768
9968,1506,2026-01-31 14:35:17.894942
11477,1676,2026-01-31 17:32:10.958165
9864,3807,2026-01-31 14:33:35.535616
1453,2186,2026-01-31 14:38:52.237406
4618,10513,2026-01-31 16:54:28.70314
3282,1765,2026-01-31 14:57:40.889404
11232,1422,2026-01-31 17:03:01.385036
10968,6272,2026-01-31 16:57:31.486827
2188,6272,2026-01-31 14:35:14.532331
9939,1746,2026-01-31 14:34:42.892668
10523,10526,2026-01-31 14:46:01.545751
9833,6145,2026-01-31 14:35:35.571771
2408,1536,2026-01-31 15:04:29.728895
2126,9967,2026-01-31 14:35:03.777115
6265,10033,2026-01-31 17:03:05.63883
4621,2026,2026-01-31 14:43:30.208833
4616,10334,2026-01-31 16:51:23.369658
4618,6467,2026-01-31 16:54:28.70314
1536,1536,2026-01-31 14:32:41.739544
1525,9987,2026-01-31 14:33:03.11173
11230,6454,2026-01-31 17:02:53.678719
10497,10503,2026-01-31 16:47:33.687864
11846,1527,2026-01-31 17:20:55.89962
9852,6224,2026-01-31 14:43:15.284525
12243,6272,2026-01-31 17:31:53.70374
2183,1536,2026-01-31 14:58:25.634121
11501,4083,2026-01-31 17:11:10.204683
9833,10442,2026-01-31 14:35:35.571771
1461,1473,2026-01-31 14:39:16.816053
12291,4621,2026-01-31 17:33:39.291997
9935,1458,2026-01-31 14:34:23.718904
11671,4538,2026-01-31 17:14:39.656253
10576,6272,2026-01-31 16:52:48.805382
10314,2716,2026-01-31 16:41:14.588263
3595,2219,2026-01-31 17:00:38.396254
9967,10273,2026-01-31 14:56:21.674611
1892,2448,2026-01-31 14:53:05.534051
1465,9875,2026-01-31 14:39:24.148772
9970,1479,2026-01-31 14:34:56.345519
11303,11304,2026-01-31 17:05:19.921666
6454,2426,2026-01-31 17:06:47.947438
11365,1600,2026-01-31 17:07:47.584688
2452,6272,2026-01-31 14:51:51.621826
2188,2191,2026-01-31 14:35:14.532331
9970,7400,2026-01-31 14:34:56.345519
9875,1676,2026-01-31 14:33:38.978175
9925,2417,2026-01-31 14:51:18.314489
1968,1473,2026-01-31 14:37:49.79186
1685,1422,2026-01-31 14:47:17.283112
9980,1676,2026-01-31 14:35:07.091651
1675,1422,2026-01-31 14:46:15.801597
10603,2276,2026-01-31 16:53:14.755241
9965,7400,2026-01-31 14:56:29.318582
7743,2158,2026-01-31 16:40:20.367008
10034,1537,2026-01-31 15:55:49.179614
11987,1819,2026-01-31 17:23:28.02158
9833,9833,2026-01-31 14:35:35.571771
10062,1765,2026-01-31 15:56:55.946358
9935,2240,2026-01-31 14:34:23.718904
11884,6272,2026-01-31 17:22:03.938154
9968,1467,2026-01-31 14:35:17.894942
11165,1656,2026-01-31 17:00:24.728788
1834,6029,2026-01-31 14:50:55.549176
1674,1446,2026-01-31 14:46:12.346915
1461,1438,2026-01-31 14:39:16.816053
1585,9829,2026-01-31 14:33:21.638798
10333,10334,2026-01-31 16:41:51.27993
7428,10442,2026-01-31 14:38:37.768432
10273,9967,2026-01-31 16:39:29.013738
1871,6272,2026-01-31 14:51:44.420947
2240,9939,2026-01-31 14:35:25.439728
10451,4083,2026-01-31 16:45:07.915944
9980,3282,2026-01-31 14:35:07.091651
10987,4082,2026-01-31 16:58:17.845912
12124,11010,2026-01-31 17:26:15.337686
9958,1934,2026-01-31 14:34:46.315349
10554,10526,2026-01-31 16:52:27.469615
10426,6272,2026-01-31 16:43:40.472905
11636,4082,2026-01-31 17:13:42.68058
1506,2286,2026-01-31 14:40:56.628414
4080,1438,2026-01-31 15:07:11.815399
10033,6272,2026-01-31 14:35:58.978185
11244,6272,2026-01-31 17:03:47.445894
1663,1431,2026-01-31 14:45:50.399139
12498,1662,2026-01-31 17:37:06.317418
9980,2240,2026-01-31 14:35:07.091651
12184,1676,2026-01-31 17:29:21.446694
9833,3315,2026-01-31 14:35:35.571771
2188,2195,2026-01-31 14:35:14.532331
11873,1685,2026-01-31 14:52:58.178359
1663,1819,2026-01-31 14:45:50.399139
12293,3322,2026-01-31 17:33:42.67129
10439,1438,2026-01-31 14:55:04.964646
1585,1585,2026-01-31 14:33:21.638798
12447,4083,2026-01-31 17:35:55.990022
11245,2131,2026-01-31 17:04:08.488395
2452,1445,2026-01-31 14:51:51.621826
12415,12179,2026-01-31 17:35:28.506949
11652,1600,2026-01-31 17:13:56.149073
1661,1446,2026-01-31 14:45:43.655279
9980,2154,2026-01-31 14:35:07.091651
9970,1968,2026-01-31 14:34:56.345519
7580,9965,2026-01-31 17:08:29.535361
11270,1676,2026-01-31 17:04:34.150762
7580,2131,2026-01-31 17:08:29.535361
2296,10190,2026-01-31 14:35:32.281267
1709,6467,2026-01-31 14:48:27.273685
2072,4621,2026-01-31 14:34:52.969819
1892,2193,2026-01-31 14:53:05.534051
9833,1495,2026-01-31 14:35:35.571771
9829,1660,2026-01-31 14:44:14.54613
10666,2275,2026-01-31 16:54:32.121795
9939,1467,2026-01-31 14:34:42.892668
12116,1422,2026-01-31 17:26:03.414601
11534,11550,2026-01-31 17:12:47.06381
2240,9935,2026-01-31 14:35:25.439728
9935,2452,2026-01-31 14:34:23.718904
10388,6272,2026-01-31 16:42:31.096281
9896,2240,2026-01-31 14:33:58.564245
11662,1647,2026-01-31 17:14:20.453175
11094,2124,2026-01-31 16:59:33.900082
1836,1506,2026-01-31 14:34:06.379991
1674,1819,2026-01-31 14:46:12.346915
2468,1446,2026-01-31 16:55:28.409002
1553,1467,2026-01-31 14:33:07.104999
10739,6272,2026-01-31 16:55:03.364794
10034,1458,2026-01-31 15:55:49.179614
7738,7737,2026-01-31 16:40:12.958762
2240,2186,2026-01-31 14:35:25.439728
9972,10000,2026-01-31 14:35:00.321311
9987,3094,2026-01-31 14:35:10.530814
12079,12179,2026-01-31 17:24:42.934134
6467,6389,2026-01-31 14:53:01.648652
9880,1467,2026-01-31 14:33:42.921128
10720,1446,2026-01-31 16:54:51.288252
2398,1495,2026-01-31 14:35:52.330803
11450,4622,2026-01-31 17:09:57.517485
1527,2186,2026-01-31 14:41:33.926275
11285,3598,2026-01-31 17:04:51.947302
9958,1536,2026-01-31 14:34:46.315349
3315,1422,2026-01-31 14:39:20.751993
3807,1431,2026-01-31 14:41:45.175989
12117,1600,2026-01-31 17:26:47.287726
1525,1518,2026-01-31 14:33:03.11173
10614,10331,2026-01-31 16:53:35.092495
9958,1495,2026-01-31 14:34:46.315349
10280,8110,2026-01-31 16:40:27.246624
1467,1934,2026-01-31 14:32:55.519873
10494,10495,2026-01-31 16:47:25.808288
1974,1458,2026-01-31 14:34:39.563109
10434,1461,2026-01-31 16:44:49.799681
2072,1934,2026-01-31 14:34:52.969819
6033,1834,2026-01-31 14:47:22.064064
1564,9853,2026-01-31 14:33:10.978401
11714,6272,2026-01-31 17:16:06.492069
1924,9939,2026-01-31 14:34:31.481641
2194,7982,2026-01-31 14:58:52.559002
11686,1446,2026-01-31 17:15:20.980306
1677,1696,2026-01-31 14:45:36.857513
11663,1422,2026-01-31 17:14:25.855463
9852,1915,2026-01-31 14:43:15.284525
10577,10516,2026-01-31 16:52:52.679464
10335,1438,2026-01-31 16:41:43.897309
10945,2633,2026-01-31 16:57:15.013862
1431,9935,2026-01-31 14:36:37.18607
1525,9939,2026-01-31 14:33:03.11173
1733,9875,2026-01-31 14:48:48.924939
11055,1819,2026-01-31 16:58:59.49815
2414,2402,2026-01-31 15:04:03.701818
9968,1479,2026-01-31 14:35:17.894942
7741,7737,2026-01-31 16:39:32.998672
12507,11010,2026-01-31 17:37:14.634136
10519,6394,2026-01-31 14:46:05.073899
10333,6272,2026-01-31 16:41:51.27993
10280,2124,2026-01-31 16:40:27.246624
11356,11352,2026-01-31 17:09:43.574122
11364,6272,2026-01-31 17:07:40.507447
11303,9980,2026-01-31 17:05:19.921666
10336,10334,2026-01-31 16:43:32.982296
11866,1702,2026-01-31 17:21:12.571044
11674,10526,2026-01-31 17:14:53.400362
2296,10334,2026-01-31 14:35:32.281267
10335,1700,2026-01-31 16:41:43.897309
11753,1518,2026-01-31 17:17:03.918002
11873,12179,2026-01-31 14:52:58.178359
10603,2197,2026-01-31 16:53:14.755241
1924,1422,2026-01-31 14:34:31.481641
11753,1506,2026-01-31 17:17:03.918002
2369,10015,2026-01-31 15:00:49.768054
1709,4621,2026-01-31 14:48:27.273685
1771,1536,2026-01-31 14:33:54.938068
6224,9931,2026-01-31 14:36:26.960697
11884,1656,2026-01-31 17:22:03.938154
11330,4082,2026-01-31 17:06:38.360761
10290,1892,2026-01-31 16:41:00.144847
10985,4083,2026-01-31 16:57:50.85681
11205,1446,2026-01-31 17:02:12.641435
3598,1506,2026-01-31 15:00:45.58667
1585,1598,2026-01-31 14:33:21.638798
4065,6272,2026-01-31 15:06:36.895698
1525,2240,2026-01-31 14:33:03.11173
1676,4533,2026-01-31 14:46:20.240279
2468,4218,2026-01-31 16:55:28.409002
11338,9980,2026-01-31 17:07:08.029967
11293,1445,2026-01-31 17:04:59.104434
9875,1664,2026-01-31 14:33:38.978175
10400,6272,2026-01-31 16:43:17.476167
10981,4083,2026-01-31 16:57:43.288368
1525,1534,2026-01-31 14:33:03.11173
11816,11817,2026-01-31 17:20:05.131861
4533,1676,2026-01-31 16:53:18.180263
1696,1600,2026-01-31 14:47:41.856188
4080,2633,2026-01-31 14:43:34.007473
1585,2026,2026-01-31 14:33:21.638798
2092,1461,2026-01-31 14:56:36.118478
1871,2452,2026-01-31 14:51:44.420947
9852,1934,2026-01-31 14:43:15.284525
10603,1422,2026-01-31 16:53:14.755241
10033,1656,2026-01-31 14:35:58.978185
4218,1934,2026-01-31 14:54:53.067705
1553,1934,2026-01-31 14:33:07.104999
3094,1537,2026-01-31 14:58:08.406732
11186,1644,2026-01-31 17:01:32.485179
1746,1473,2026-01-31 14:33:46.827539
10837,6467,2026-01-31 16:55:10.171256
2296,1495,2026-01-31 14:35:32.281267
2092,1422,2026-01-31 14:56:36.118478
10464,1461,2026-01-31 16:45:31.278663
11918,11010,2026-01-31 17:22:28.7137
9970,1564,2026-01-31 14:34:56.345519
9833,7396,2026-01-31 14:35:35.571771
10931,1422,2026-01-31 16:55:18.673931
3094,1527,2026-01-31 14:58:08.406732
1446,1479,2026-01-31 14:38:17.946125
9875,1677,2026-01-31 14:33:38.978175
9970,9970,2026-01-31 14:34:56.345519
9939,9875,2026-01-31 14:34:42.892668
12276,1600,2026-01-31 17:33:11.209644
3668,11873,2026-01-31 17:30:12.74431
9833,2338,2026-01-31 14:35:35.571771
1884,3598,2026-01-31 14:52:49.84136
12428,12424,2026-01-31 17:35:41.544516
2198,1422,2026-01-31 14:59:06.583382
6029,1527,2026-01-31 16:46:36.710129
4962,4538,2026-01-31 16:45:52.648969
1585,1479,2026-01-31 14:33:21.638798
2296,2303,2026-01-31 14:35:32.281267
11056,2275,2026-01-31 16:59:03.877512
3595,1656,2026-01-31 17:00:38.396254
9694,1696,2026-01-31 17:08:07.427636
11677,1580,2026-01-31 17:15:00.066248
4961,1834,2026-01-31 16:41:21.93204
10033,2447,2026-01-31 14:35:58.978185
9939,7281,2026-01-31 14:34:42.892668
11210,1446,2026-01-31 17:02:20.23074
10944,10942,2026-01-31 16:58:39.097382
1674,1438,2026-01-31 14:46:12.346915
12179,6239,2026-01-31 14:51:48.202786
9852,1431,2026-01-31 14:43:15.284525
11987,11807,2026-01-31 17:23:28.02158
10577,10523,2026-01-31 16:52:52.679464
2296,1697,2026-01-31 14:35:32.281267
9880,1644,2026-01-31 14:33:42.921128
9939,1422,2026-01-31 14:34:42.892668
1663,3598,2026-01-31 14:45:50.399139
9853,1746,2026-01-31 14:33:25.043511
10385,10383,2026-01-31 17:17:52.53297
12489,11010,2026-01-31 17:36:55.079799
10530,1657,2026-01-31 16:52:01.05567
7740,10274,2026-01-31 16:40:16.935827
9853,1461,2026-01-31 14:33:25.043511
1458,1946,2026-01-31 14:34:35.560715
1458,1467,2026-01-31 14:34:35.560715
2162,1446,2026-01-31 14:58:04.217047
9833,9967,2026-01-31 14:35:35.571771
1553,1564,2026-01-31 14:33:07.104999
4067,6272,2026-01-31 15:06:44.492865
10033,1765,2026-01-31 14:35:58.978185
10335,1473,2026-01-31 16:41:43.897309
1431,1580,2026-01-31 14:36:37.18607
9939,1431,2026-01-31 14:34:42.892668
9875,1645,2026-01-31 14:33:38.978175
11817,2124,2026-01-31 17:20:41.822001
9970,1473,2026-01-31 14:34:56.345519
10666,10526,2026-01-31 16:54:32.121795
4538,4621,2026-01-31 14:45:16.222918
1458,2186,2026-01-31 14:34:35.560715
9970,1467,2026-01-31 14:34:56.345519
10945,9885,2026-01-31 16:57:15.013862
9811,1746,2026-01-31 14:33:18.246168
2417,1934,2026-01-31 14:34:20.319568
1904,2240,2026-01-31 14:34:27.534734
1675,1677,2026-01-31 14:46:15.801597
10282,1657,2026-01-31 16:40:45.267057
2363,9970,2026-01-31 14:35:38.96617
10445,10442,2026-01-31 14:36:43.928778
1525,9935,2026-01-31 14:33:03.11173
1836,1453,2026-01-31 14:34:06.379991
10853,1681,2026-01-31 16:55:14.56969
11487,1422,2026-01-31 17:35:49.331692
2278,1527,2026-01-31 15:01:34.624011
12274,4958,2026-01-31 17:33:07.152717
10228,10226,2026-01-31 16:36:14.843142
10516,1647,2026-01-31 14:48:08.298077
2981,6272,2026-01-31 17:00:09.408318
10677,6454,2026-01-31 16:54:35.500547
1564,1465,2026-01-31 14:33:10.978401
10933,2426,2026-01-31 16:55:23.883961
2716,6224,2026-01-31 14:48:30.589812
2186,6272,2026-01-31 14:41:07.137158
9833,9875,2026-01-31 14:35:35.571771
10290,1473,2026-01-31 16:41:00.144847
1527,1600,2026-01-31 14:41:33.926275
2296,2304,2026-01-31 14:35:32.281267
1663,1746,2026-01-31 14:45:50.399139
2132,1644,2026-01-31 14:53:36.3124
10945,1473,2026-01-31 16:57:15.013862
12449,1506,2026-01-31 17:35:59.399971
1836,9970,2026-01-31 14:34:06.379991
2296,2302,2026-01-31 14:35:32.281267
9980,2158,2026-01-31 14:35:07.091651
12327,1819,2026-01-31 17:34:18.857501
2183,3807,2026-01-31 14:58:25.634121
2414,10334,2026-01-31 15:04:03.701818
1644,2396,2026-01-31 14:44:54.739694
10265,1431,2026-01-31 16:39:07.975828
11230,1702,2026-01-31 17:02:53.678719
7741,7738,2026-01-31 16:39:32.998672
2240,9970,2026-01-31 14:35:25.439728
1536,9853,2026-01-31 14:32:41.739544
2633,1600,2026-01-31 14:39:02.523288
2026,1733,2026-01-31 14:40:02.846599
11646,10341,2026-01-31 17:13:50.009809
4621,1422,2026-01-31 14:43:30.208833
1836,4080,2026-01-31 14:50:12.991351
11776,2633,2026-01-31 17:26:25.204702
11836,11817,2026-01-31 17:31:05.348622
2402,2414,2026-01-31 15:04:11.31986
11001,10983,2026-01-31 16:58:28.841774
9875,1473,2026-01-31 14:33:38.978175
11750,1696,2026-01-31 17:16:59.902904
9833,9880,2026-01-31 14:35:35.571771
11682,1438,2026-01-31 17:15:17.183211
3322,1527,2026-01-31 14:54:57.077682
12121,11010,2026-01-31 17:26:11.37185
11190,1644,2026-01-31 17:01:40.009635
2132,1934,2026-01-31 14:53:36.3124
1461,1934,2026-01-31 14:39:16.816053
1836,2026,2026-01-31 14:34:06.379991
1653,4546,2026-01-31 14:45:25.529307
1819,1431,2026-01-31 14:50:31.51655
12312,1479,2026-01-31 17:34:03.540652
12205,9694,2026-01-31 17:30:31.024878
9935,1445,2026-01-31 14:34:23.718904
1834,9875,2026-01-31 14:50:55.549176
4065,2633,2026-01-31 15:06:36.895698
10613,1695,2026-01-31 16:53:24.94198
10593,1422,2026-01-31 16:53:00.702727
7428,1836,2026-01-31 14:38:37.768432
1678,9885,2026-01-31 14:46:57.286638
1536,1445,2026-01-31 14:32:41.739544
1702,4958,2026-01-31 14:48:01.601426
1681,1422,2026-01-31 14:47:05.549338
1819,1506,2026-01-31 14:50:31.51655
4618,10526,2026-01-31 16:54:28.70314
10033,2455,2026-01-31 14:35:58.978185
9980,1968,2026-01-31 14:35:07.091651
11055,1445,2026-01-31 16:58:59.49815
11450,1422,2026-01-31 17:09:57.517485
10462,1461,2026-01-31 16:45:27.807218
9852,9935,2026-01-31 14:43:15.284525
7944,1580,2026-01-31 17:21:20.371772
6224,6272,2026-01-31 14:36:26.960697
10666,6272,2026-01-31 16:54:32.121795
3315,1506,2026-01-31 14:39:20.751993
12407,2193,2026-01-31 17:35:08.236459
9968,9885,2026-01-31 14:35:17.894942
9935,6467,2026-01-31 14:34:23.718904
10062,2716,2026-01-31 15:56:55.946358
2132,9970,2026-01-31 14:53:36.3124
11318,1676,2026-01-31 17:05:53.046709
1668,1685,2026-01-31 14:39:09.194193
10528,10526,2026-01-31 17:14:43.348766
1974,1422,2026-01-31 14:34:39.563109
12346,1696,2026-01-31 17:34:30.479314
1681,1431,2026-01-31 14:47:05.549338
1644,2026,2026-01-31 14:44:54.739694
2296,1650,2026-01-31 14:35:32.281267
9896,1431,2026-01-31 14:33:58.564245
10279,7738,2026-01-31 17:33:18.524694
10388,1422,2026-01-31 16:42:31.096281
2240,1518,2026-01-31 14:35:25.439728
12274,6272,2026-01-31 17:33:07.152717
1536,1431,2026-01-31 14:32:41.739544
7944,1819,2026-01-31 17:21:20.371772
2193,6272,2026-01-31 14:58:47.531219
10469,10445,2026-01-31 16:45:48.425649
1746,1968,2026-01-31 14:33:46.827539
6272,9970,2026-01-31 14:38:45.585514
10527,10523,2026-01-31 16:51:42.416476
1467,1479,2026-01-31 14:32:55.519873
11450,3369,2026-01-31 17:09:57.517485
2240,2369,2026-01-31 14:35:25.439728
1564,1431,2026-01-31 14:33:10.978401
1696,4530,2026-01-31 14:47:41.856188
11234,6272,2026-01-31 17:33:46.019065
4618,2338,2026-01-31 16:54:28.70314
11993,6272,2026-01-31 17:24:06.051396
1527,1662,2026-01-31 14:41:33.926275
4618,1834,2026-01-31 16:54:28.70314
9980,2752,2026-01-31 14:35:07.091651
9875,1700,2026-01-31 14:33:38.978175
6394,6464,2026-01-31 15:07:44.745177
4067,1819,2026-01-31 15:06:44.492865
1981,1453,2026-01-31 14:54:33.155454
1675,4083,2026-01-31 14:46:15.801597
7741,7743,2026-01-31 16:39:32.998672
3315,1458,2026-01-31 14:39:20.751993
2448,6272,2026-01-31 15:06:06.967798
2067,3668,2026-01-31 14:56:11.175554
7737,10274,2026-01-31 16:40:09.417137
11215,1819,2026-01-31 17:02:27.559368
10554,6960,2026-01-31 16:52:27.469615
11873,1506,2026-01-31 14:52:58.178359
1771,1495,2026-01-31 14:33:54.938068
7580,9967,2026-01-31 17:08:29.535361
10445,1668,2026-01-31 14:36:43.928778
9875,1915,2026-01-31 14:33:38.978175
1458,9935,2026-01-31 14:34:35.560715
11975,6272,2026-01-31 17:23:13.534748
10429,1600,2026-01-31 16:44:30.041723
10228,10228,2026-01-31 16:36:14.843142
1834,6033,2026-01-31 14:50:55.549176
11689,1650,2026-01-31 17:15:24.441448
2452,6265,2026-01-31 14:51:51.621826
2286,2276,2026-01-31 15:01:48.242039
9958,2240,2026-01-31 14:34:46.315349
11501,1765,2026-01-31 17:11:10.204683
12291,6960,2026-01-31 17:33:39.291997
10442,7428,2026-01-31 14:36:30.272547
7400,1676,2026-01-31 14:56:47.324414
10015,9970,2026-01-31 14:35:42.330727
11205,2275,2026-01-31 17:02:12.641435
9939,4218,2026-01-31 14:34:42.892668
11676,4083,2026-01-31 17:14:56.724025
1536,9958,2026-01-31 14:32:41.739544
10049,6224,2026-01-31 15:56:15.406158
9906,9906,2026-01-31 14:34:02.508444
12199,1446,2026-01-31 14:56:01.837822
1771,1768,2026-01-31 14:33:54.938068
10613,1422,2026-01-31 16:53:24.94198
2414,6272,2026-01-31 15:04:03.701818
10554,1600,2026-01-31 16:52:27.469615
10495,1819,2026-01-31 16:52:34.742103
10490,1765,2026-01-31 16:46:32.506608
1467,1461,2026-01-31 14:32:55.519873
9980,2131,2026-01-31 14:35:07.091651
9935,12179,2026-01-31 14:34:23.718904
3315,1676,2026-01-31 14:39:20.751993
11901,11900,2026-01-31 17:23:16.865635
2716,1438,2026-01-31 14:48:30.589812
2132,9980,2026-01-31 14:53:36.3124
3315,1461,2026-01-31 14:39:20.751993
12036,2440,2026-01-31 17:24:39.160815
2472,2468,2026-01-31 14:38:48.984789
11854,4538,2026-01-31 17:20:59.232149
9987,1527,2026-01-31 14:35:10.530814
11056,10033,2026-01-31 16:59:03.877512
11896,1580,2026-01-31 17:22:14.699569
2607,1458,2026-01-31 15:56:11.232549
1685,6272,2026-01-31 14:47:17.283112
9811,1431,2026-01-31 14:33:18.246168
2401,4964,2026-01-31 15:04:07.144506
3661,6272,2026-01-31 17:10:00.951202
1473,2026,2026-01-31 14:39:51.503756
4546,10526,2026-01-31 14:47:02.167331
11903,11901,2026-01-31 17:22:58.844608
10837,1834,2026-01-31 16:55:10.171256
10462,1446,2026-01-31 16:45:27.807218
11628,1650,2026-01-31 17:13:35.916779
4982,1819,2026-01-31 17:13:46.675201
9987,9987,2026-01-31 14:35:10.530814
4546,10516,2026-01-31 14:47:02.167331
2240,1446,2026-01-31 14:35:25.439728
2408,10334,2026-01-31 15:04:29.728895
9931,1527,2026-01-31 14:51:36.987984
2296,2295,2026-01-31 14:35:32.281267
11750,1819,2026-01-31 17:16:59.902904
9968,2026,2026-01-31 14:35:17.894942
10347,1446,2026-01-31 16:41:58.075479
9885,1495,2026-01-31 14:34:49.63491
2633,6272,2026-01-31 14:39:02.523288
4982,1422,2026-01-31 17:13:46.675201
2447,4067,2026-01-31 15:06:03.1723
11056,6272,2026-01-31 16:59:03.877512
4546,1819,2026-01-31 14:47:02.167331
3661,2186,2026-01-31 17:10:00.951202
1473,3369,2026-01-31 14:39:51.503756
10495,1527,2026-01-31 16:52:34.742103
9906,10023,2026-01-31 14:34:02.508444
1696,1518,2026-01-31 14:47:41.856188
2296,2278,2026-01-31 14:35:32.281267
10033,1892,2026-01-31 14:35:58.978185
2072,1473,2026-01-31 14:34:52.969819
11672,1768,2026-01-31 17:14:46.678871
10033,2633,2026-01-31 14:35:58.978185
9939,1473,2026-01-31 14:34:42.892668
3807,9987,2026-01-31 14:41:45.175989
1884,6272,2026-01-31 14:52:49.84136
2394,2395,2026-01-31 14:35:49.029376
9972,1819,2026-01-31 14:35:00.321311
11357,6272,2026-01-31 17:07:29.527989
2188,2197,2026-01-31 14:35:14.532331
2417,1467,2026-01-31 14:34:20.319568
10015,1946,2026-01-31 14:35:42.330727
9906,1467,2026-01-31 14:34:02.508444
2296,6960,2026-01-31 14:35:32.281267
1765,2286,2026-01-31 14:49:02.864259
9939,10442,2026-01-31 14:34:42.892668
2132,1528,2026-01-31 14:53:36.3124
1924,1915,2026-01-31 14:34:31.481641
1915,9852,2026-01-31 14:36:33.735167
7580,6272,2026-01-31 17:08:29.535361
10280,10281,2026-01-31 16:40:27.246624
10475,2152,2026-01-31 16:45:56.714235
12216,10341,2026-01-31 17:30:48.87847
1461,10445,2026-01-31 14:39:16.816053
10445,1461,2026-01-31 14:36:43.928778
3280,1446,2026-01-31 16:45:11.985656
2131,2426,2026-01-31 14:57:17.214397
10439,9875,2026-01-31 14:55:04.964646
1771,9939,2026-01-31 14:33:54.938068
1564,2072,2026-01-31 14:33:10.978401
1495,2026,2026-01-31 14:32:58.951778
9939,1465,2026-01-31 14:34:42.892668
1733,2883,2026-01-31 14:48:48.924939
10677,11235,2026-01-31 16:54:35.500547
2193,9166,2026-01-31 14:58:47.531219
11758,11772,2026-01-31 17:17:31.693245
2752,1422,2026-01-31 14:57:33.169119
7997,6272,2026-01-31 17:10:41.060138
11672,10526,2026-01-31 17:14:46.678871
4616,4621,2026-01-31 16:51:23.369658
10523,4621,2026-01-31 14:46:01.545751
10666,6960,2026-01-31 16:54:32.121795
10388,3598,2026-01-31 16:42:31.096281
1771,1458,2026-01-31 14:33:54.938068
2296,2296,2026-01-31 14:35:32.281267
7743,7737,2026-01-31 16:40:20.367008
4962,10526,2026-01-31 16:45:52.648969
1585,1438,2026-01-31 14:33:21.638798
1564,1564,2026-01-31 14:33:10.978401
9935,4538,2026-01-31 14:34:23.718904
10458,1446,2026-01-31 16:45:19.140781
11212,1438,2026-01-31 17:02:23.979692
1663,2286,2026-01-31 14:45:50.399139
9968,1446,2026-01-31 14:35:17.894942
1536,6272,2026-01-31 14:32:41.739544
12408,6272,2026-01-31 17:35:11.997158
4080,4083,2026-01-31 14:43:34.007473
12293,1453,2026-01-31 17:33:42.67129
4621,9875,2026-01-31 14:43:30.208833
1836,1819,2026-01-31 14:34:06.379991
9853,2072,2026-01-31 14:33:25.043511
1702,1696,2026-01-31 14:48:01.601426
11987,1656,2026-01-31 17:23:28.02158
10347,1600,2026-01-31 16:41:58.075479
10043,8110,2026-01-31 15:56:03.137631
10033,2426,2026-01-31 14:35:58.978185
1465,1446,2026-01-31 14:39:24.148772
1495,1574,2026-01-31 14:32:58.951778
3792,1676,2026-01-31 16:41:04.142782
1644,1473,2026-01-31 14:44:54.739694
3807,9935,2026-01-31 14:41:45.175989
11671,10526,2026-01-31 17:14:39.656253
10290,1884,2026-01-31 16:41:00.144847
6027,1506,2026-01-31 16:47:20.093899
10385,1422,2026-01-31 17:17:52.53297
2186,1518,2026-01-31 14:41:07.137158
1733,1473,2026-01-31 14:48:48.924939
1653,6272,2026-01-31 14:45:25.529307
4622,10526,2026-01-31 17:14:36.208819
6467,6394,2026-01-31 14:53:01.648652
1695,6272,2026-01-31 14:47:38.485111
1915,9939,2026-01-31 14:36:33.735167
11729,1819,2026-01-31 17:16:29.588617
2240,1819,2026-01-31 14:35:25.439728
2193,2197,2026-01-31 14:58:47.531219
2607,7428,2026-01-31 15:56:11.232549
1553,9811,2026-01-31 14:33:07.104999
1663,1479,2026-01-31 14:45:50.399139
9935,1446,2026-01-31 14:34:23.718904
10274,7738,2026-01-31 16:40:23.824775
2072,2072,2026-01-31 14:34:52.969819
9939,2625,2026-01-31 14:34:42.892668
10982,10942,2026-01-31 16:57:47.431073
9987,9921,2026-01-31 14:35:10.530814
9875,2026,2026-01-31 14:33:38.978175
1647,4546,2026-01-31 14:45:05.459986
10526,1600,2026-01-31 14:47:51.113263
10271,10268,2026-01-31 16:39:20.263163
1446,2752,2026-01-31 14:38:17.946125
2468,1431,2026-01-31 16:55:28.409002
1656,2633,2026-01-31 14:45:30.083714
7944,2193,2026-01-31 17:21:20.371772
1525,9880,2026-01-31 14:33:03.11173
4618,1438,2026-01-31 16:54:28.70314
10033,2439,2026-01-31 14:35:58.978185
4616,1600,2026-01-31 16:51:23.369658
1536,1495,2026-01-31 14:32:41.739544
9935,1879,2026-01-31 14:34:23.718904
2132,1446,2026-01-31 14:53:36.3124
9972,2240,2026-01-31 14:35:00.321311
11886,1527,2026-01-31 17:22:07.30956
10475,1461,2026-01-31 16:45:56.714235
10490,10190,2026-01-31 16:46:32.506608
10577,2405,2026-01-31 16:52:52.679464
9968,1537,2026-01-31 14:35:17.894942
2152,1819,2026-01-31 14:57:44.593761
2191,1431,2026-01-31 14:58:37.999797
10288,6272,2026-01-31 16:40:56.739956
10429,10445,2026-01-31 16:44:30.041723
9958,1625,2026-01-31 14:34:46.315349
1684,1660,2026-01-31 14:47:13.959262
10462,10442,2026-01-31 16:45:27.807218
9925,9935,2026-01-31 14:51:18.314489
11237,11238,2026-01-31 17:03:09.099184
2296,12179,2026-01-31 14:35:32.281267
10329,10333,2026-01-31 16:41:40.423793
11730,11732,2026-01-31 17:16:34.492012
1536,1458,2026-01-31 14:32:41.739544
11906,11010,2026-01-31 17:22:21.474597
10273,1600,2026-01-31 16:39:29.013738
11137,6272,2026-01-31 17:00:02.397561
9970,9880,2026-01-31 14:34:56.345519
2452,1656,2026-01-31 14:51:51.621826
9987,3807,2026-01-31 14:35:10.530814
10000,1495,2026-01-31 14:35:28.890644
9970,9968,2026-01-31 14:34:56.345519
2981,1422,2026-01-31 17:00:09.408318
7580,11056,2026-01-31 17:08:29.535361
11217,4958,2026-01-31 17:02:43.414316
12312,1644,2026-01-31 17:34:03.540652
10554,4621,2026-01-31 16:52:27.469615
11450,10526,2026-01-31 17:09:57.517485
2188,2198,2026-01-31 14:35:14.532331
10336,6272,2026-01-31 16:43:32.982296
7982,10940,2026-01-31 16:56:02.963252
1649,4083,2026-01-31 14:45:09.407292
1677,1695,2026-01-31 14:45:36.857513
1461,1479,2026-01-31 14:39:16.816053
9852,1473,2026-01-31 14:43:15.284525
3322,1934,2026-01-31 14:54:57.077682
2152,1765,2026-01-31 14:57:44.593761
1525,1467,2026-01-31 14:33:03.11173
1644,1446,2026-01-31 14:44:54.739694
11836,2124,2026-01-31 17:31:05.348622
12312,1473,2026-01-31 17:34:03.540652
10490,4082,2026-01-31 16:46:32.506608
2162,2026,2026-01-31 14:58:04.217047
10347,10516,2026-01-31 16:41:58.075479
1705,4987,2026-01-31 14:48:12.937741
12199,7253,2026-01-31 14:56:01.837822
12492,11010,2026-01-31 17:36:59.022322
12316,4082,2026-01-31 17:34:07.32108
1663,2026,2026-01-31 14:45:50.399139
8110,10015,2026-01-31 14:41:00.123194
1467,2026,2026-01-31 14:32:55.519873
9875,1746,2026-01-31 14:33:38.978175
12468,1656,2026-01-31 17:36:23.505787
3020,1422,2026-01-31 17:06:09.816612
11873,3322,2026-01-31 14:52:58.178359
11192,1644,2026-01-31 17:01:43.397921
9864,9958,2026-01-31 14:33:35.535616
9864,8110,2026-01-31 14:33:35.535616
2398,1600,2026-01-31 14:35:52.330803
6033,6272,2026-01-31 14:47:22.064064
10666,10334,2026-01-31 16:54:32.121795
1458,1446,2026-01-31 14:34:35.560715
11873,1527,2026-01-31 14:52:58.178359
10290,1580,2026-01-31 16:41:00.144847
2296,1662,2026-01-31 14:35:32.281267
11673,10526,2026-01-31 17:14:50.018191
10651,1438,2026-01-31 17:06:53.257977
9939,1564,2026-01-31 14:34:42.892668
11281,1676,2026-01-31 17:04:44.791987
4538,10526,2026-01-31 14:45:16.222918
10720,1600,2026-01-31 16:54:51.288252
11235,2197,2026-01-31 15:05:30.829992
1458,2026,2026-01-31 14:34:35.560715
1537,3094,2026-01-31 14:42:08.038522
1883,2633,2026-01-31 14:52:45.052956
1458,9968,2026-01-31 14:34:35.560715
2472,1465,2026-01-31 14:38:48.984789
10233,1422,2026-01-31 16:36:23.400158
1675,2275,2026-01-31 14:46:15.801597
9906,1431,2026-01-31 14:34:02.508444
10527,10528,2026-01-31 16:51:42.416476
12207,7281,2026-01-31 17:31:43.13528
2183,9921,2026-01-31 14:58:25.634121
2414,2398,2026-01-31 15:04:03.701818
10446,2092,2026-01-31 16:44:59.901436
2448,2197,2026-01-31 15:06:06.967798
11196,1446,2026-01-31 17:01:52.164272
11836,1422,2026-01-31 17:31:05.348622
2098,2092,2026-01-31 14:56:39.592577
10577,10334,2026-01-31 16:52:52.679464
9970,1495,2026-01-31 14:34:56.345519
2158,7741,2026-01-31 14:57:56.08646
11364,1600,2026-01-31 17:07:40.507447
11999,2304,2026-01-31 17:24:11.702407
10033,2448,2026-01-31 14:35:58.978185
1771,1836,2026-01-31 14:33:54.938068
2338,1446,2026-01-31 15:02:55.748465
1924,1836,2026-01-31 14:34:31.481641
9880,1446,2026-01-31 14:33:42.921128
2240,6145,2026-01-31 14:35:25.439728
10253,1600,2026-01-31 16:38:38.057404
9958,1431,2026-01-31 14:34:46.315349
1974,1973,2026-01-31 14:34:39.563109
9875,1647,2026-01-31 14:33:38.978175
12271,6272,2026-01-31 17:32:56.886775
1525,1968,2026-01-31 14:33:03.11173
2191,2193,2026-01-31 14:58:37.999797
9875,1644,2026-01-31 14:33:38.978175
11294,6272,2026-01-31 17:05:02.506619
2883,2026,2026-01-31 16:41:47.486916
10469,1461,2026-01-31 16:45:48.425649
4962,10523,2026-01-31 16:45:52.648969
10516,4621,2026-01-31 14:48:08.298077
10326,7396,2026-01-31 16:41:25.396308
3094,9987,2026-01-31 14:58:08.406732
1819,1879,2026-01-31 14:50:31.51655
2302,9875,2026-01-31 15:02:24.122432
9811,1934,2026-01-31 14:33:18.246168
1746,7428,2026-01-31 14:33:46.827539
2452,1765,2026-01-31 14:51:51.621826
7431,10442,2026-01-31 16:45:04.038316
9972,6224,2026-01-31 14:35:00.321311
2414,2408,2026-01-31 15:04:40.802692
9958,1819,2026-01-31 14:34:46.315349
11367,6272,2026-01-31 17:07:55.228651
10945,1446,2026-01-31 16:57:15.013862
7944,1540,2026-01-31 17:21:20.371772
10944,1819,2026-01-31 16:58:39.097382
11674,4538,2026-01-31 17:14:53.400362
11719,6272,2026-01-31 17:16:10.989156
4616,10526,2026-01-31 16:51:23.369658
11698,1537,2026-01-31 17:15:40.168788
10015,9968,2026-01-31 14:35:42.330727
11277,2426,2026-01-31 17:04:41.008547
10720,1676,2026-01-31 16:54:51.288252
9970,1705,2026-01-31 14:34:56.345519
2098,1836,2026-01-31 14:56:39.592577
9852,1968,2026-01-31 14:43:15.284525
3284,1446,2026-01-31 14:36:08.831557
12097,2426,2026-01-31 17:24:52.451387
10352,6467,2026-01-31 16:42:01.464924
1473,1473,2026-01-31 14:39:51.503756
11174,1446,2026-01-31 17:00:59.832563
12179,2304,2026-01-31 14:51:48.202786
9935,10526,2026-01-31 14:34:23.718904
2103,4982,2026-01-31 14:56:51.244345
1536,6224,2026-01-31 14:32:41.739544
9880,1564,2026-01-31 14:33:42.921128
1458,1934,2026-01-31 14:34:35.560715
11667,1674,2026-01-31 17:14:32.871187
7580,4067,2026-01-31 17:08:29.535361
11332,1598,2026-01-31 17:06:41.922021
1580,1446,2026-01-31 14:43:03.481106
10487,3284,2026-01-31 16:46:24.095052
1458,1536,2026-01-31 14:34:35.560715
9980,1678,2026-01-31 14:35:07.091651
10983,10944,2026-01-31 17:17:58.232072
2716,1422,2026-01-31 14:48:30.589812
1836,9935,2026-01-31 14:34:06.379991
10666,11873,2026-01-31 16:54:32.121795
11294,1676,2026-01-31 17:05:02.506619
1518,6272,2026-01-31 14:41:10.895391
10274,7737,2026-01-31 16:40:23.824775
10436,10445,2026-01-31 16:44:53.222797
10033,2275,2026-01-31 14:35:58.978185
6960,4533,2026-01-31 14:45:21.36349
11698,2607,2026-01-31 17:15:40.168788
1645,1695,2026-01-31 14:44:58.541284
10666,1644,2026-01-31 16:54:32.121795
4958,9968,2026-01-31 17:03:20.916995
9875,1673,2026-01-31 14:33:38.978175
1664,6272,2026-01-31 14:45:53.807492
9875,1446,2026-01-31 14:33:38.978175
6394,6460,2026-01-31 15:07:44.745177
10642,6467,2026-01-31 16:53:52.681318
12211,2124,2026-01-31 17:30:38.626659
6224,2428,2026-01-31 14:36:26.960697
2625,1458,2026-01-31 14:54:37.334017
10015,1467,2026-01-31 14:35:42.330727
4645,1674,2026-01-31 17:20:24.069771
11686,1438,2026-01-31 17:15:20.980306
9875,1461,2026-01-31 14:33:38.978175
1836,1495,2026-01-31 14:34:06.379991
9967,1676,2026-01-31 14:56:21.674611
3282,1819,2026-01-31 14:57:40.889404
7431,1446,2026-01-31 16:45:04.038316
1525,1461,2026-01-31 14:33:03.11173
10576,7400,2026-01-31 16:52:48.805382
2633,3598,2026-01-31 14:39:02.523288
2240,1422,2026-01-31 14:35:25.439728
9921,1467,2026-01-31 14:34:12.101679
10282,1660,2026-01-31 16:40:45.267057
2128,1446,2026-01-31 14:57:13.163843
1495,9829,2026-01-31 14:32:58.951778
12032,1527,2026-01-31 17:24:29.407424
1467,1465,2026-01-31 14:32:55.519873
12424,12426,2026-01-31 17:35:36.477271
11667,4546,2026-01-31 17:14:32.871187
11216,1765,2026-01-31 17:02:31.977013
10033,10033,2026-01-31 14:35:58.978185
1746,1438,2026-01-31 14:33:46.827539
2363,2364,2026-01-31 14:35:38.96617
11304,1819,2026-01-31 17:05:34.80368
11534,11531,2026-01-31 17:12:47.06381
1527,2219,2026-01-31 14:41:33.926275
1580,9166,2026-01-31 14:43:03.481106
7431,7428,2026-01-31 16:45:04.038316
1836,1422,2026-01-31 14:34:06.379991
11238,1422,2026-01-31 17:04:19.274124
3094,2219,2026-01-31 14:58:08.406732
9833,1746,2026-01-31 14:35:35.571771
10603,2275,2026-01-31 16:53:14.755241
2072,1495,2026-01-31 14:34:52.969819
10043,1506,2026-01-31 15:56:03.137631
1746,1495,2026-01-31 14:33:46.827539
4621,10523,2026-01-31 14:43:30.208833
10062,2219,2026-01-31 15:56:55.946358
9875,10190,2026-01-31 14:44:43.924515
11673,1647,2026-01-31 17:14:50.018191
11698,6224,2026-01-31 17:15:40.168788
7281,1422,2026-01-31 14:41:14.277592
11196,1479,2026-01-31 17:01:52.164272
1564,1446,2026-01-31 14:33:10.978401
1461,9880,2026-01-31 14:39:16.816053
10436,1461,2026-01-31 16:44:53.222797
9829,1495,2026-01-31 14:33:28.72474
2126,2126,2026-01-31 14:35:03.777115
1879,6272,2026-01-31 14:52:41.568645
1904,1458,2026-01-31 14:34:27.534734
11704,6272,2026-01-31 17:15:54.756269
10438,1461,2026-01-31 16:45:36.531093
9980,1564,2026-01-31 14:35:07.091651
11667,1600,2026-01-31 17:14:32.871187
9980,1705,2026-01-31 14:35:07.091651
9970,1446,2026-01-31 14:34:56.345519
9875,1695,2026-01-31 14:33:38.978175
2240,9885,2026-01-31 14:35:25.439728
4084,1600,2026-01-31 15:07:41.297203
10383,6272,2026-01-31 16:42:18.644436
3807,2186,2026-01-31 14:41:45.175989
11886,1819,2026-01-31 17:22:07.30956
1746,1746,2026-01-31 14:33:46.827539
10265,1506,2026-01-31 16:39:07.975828
2414,1600,2026-01-31 15:04:03.701818
1668,3315,2026-01-31 14:39:09.194193
1479,1446,2026-01-31 14:40:08.463857
4622,1600,2026-01-31 17:14:36.208819
2455,1445,2026-01-31 15:06:21.7934
10623,1506,2026-01-31 16:53:39.046994
9980,1915,2026-01-31 14:35:07.091651
11846,2633,2026-01-31 17:20:55.89962
4618,1733,2026-01-31 16:54:28.70314
1453,3094,2026-01-31 14:38:52.237406
1884,2426,2026-01-31 14:52:49.84136
2128,1580,2026-01-31 14:57:13.163843
1536,10442,2026-01-31 14:32:41.739544
1518,1527,2026-01-31 14:41:10.895391
11867,1819,2026-01-31 17:21:16.485714
11725,11724,2026-01-31 17:16:19.429336
9980,2152,2026-01-31 14:35:07.091651
1506,3595,2026-01-31 14:40:56.628414
10527,1600,2026-01-31 16:51:42.416476
2417,2417,2026-01-31 14:34:20.319568
11334,1598,2026-01-31 17:06:57.425051
1585,1431,2026-01-31 14:33:21.638798
1461,1422,2026-01-31 14:39:16.816053
7743,10279,2026-01-31 16:40:20.367008
11268,1676,2026-01-31 17:04:30.722622
1746,2026,2026-01-31 14:33:46.827539
9980,1461,2026-01-31 14:35:07.091651
2883,1473,2026-01-31 16:41:47.486916
1438,1479,2026-01-31 14:37:01.711876
2103,1705,2026-01-31 14:56:51.244345
1664,6960,2026-01-31 14:45:53.807492
9833,9939,2026-01-31 14:35:35.571771
11874,10334,2026-01-31 17:21:53.705281
12117,2219,2026-01-31 17:26:47.287726
1678,4546,2026-01-31 14:46:57.286638
10853,10341,2026-01-31 16:55:14.56969
12023,2426,2026-01-31 17:30:53.243442
6265,10648,2026-01-31 17:03:05.63883
9958,9958,2026-01-31 14:34:46.315349
1974,1968,2026-01-31 14:34:39.563109
10282,9980,2026-01-31 16:40:45.267057
10265,1580,2026-01-31 16:39:07.975828
11529,2124,2026-01-31 17:31:36.473145
10228,2716,2026-01-31 16:36:14.843142
3315,2124,2026-01-31 14:39:20.751993
2132,2026,2026-01-31 14:53:36.3124
11692,1650,2026-01-31 17:15:31.316553
11903,11900,2026-01-31 17:22:58.844608
1446,1438,2026-01-31 14:38:17.946125
2296,4621,2026-01-31 14:35:32.281267
1819,2286,2026-01-31 14:50:31.51655
9864,1537,2026-01-31 14:44:39.661754
2026,1479,2026-01-31 14:40:02.846599
9875,2408,2026-01-31 14:48:17.53148
11212,6960,2026-01-31 17:02:23.979692
11870,4621,2026-01-31 17:21:27.632358
1536,1564,2026-01-31 14:32:41.739544
4546,4538,2026-01-31 14:47:02.167331
9980,1746,2026-01-31 14:35:07.091651
4618,4546,2026-01-31 16:54:28.70314
1696,6272,2026-01-31 14:47:41.856188
9939,2026,2026-01-31 14:34:42.892668
9864,9864,2026-01-31 14:33:35.535616
1465,1422,2026-01-31 14:39:24.148772
9875,1467,2026-01-31 14:33:38.978175
10290,1819,2026-01-31 16:41:00.144847
9931,1819,2026-01-31 14:51:36.987984
10347,1527,2026-01-31 16:41:58.075479
3595,1819,2026-01-31 17:00:38.396254
10654,1673,2026-01-31 16:54:10.581215
10051,6224,2026-01-31 15:56:20.874521
2296,6272,2026-01-31 14:35:32.281267
9833,2240,2026-01-31 14:35:35.571771
2072,2026,2026-01-31 14:34:52.969819
1438,1473,2026-01-31 14:37:01.711876
9906,8110,2026-01-31 14:34:02.508444
11753,2275,2026-01-31 17:17:03.918002
1664,1446,2026-01-31 14:45:53.807492
1678,1422,2026-01-31 14:46:57.286638
1884,4080,2026-01-31 14:52:49.84136
1580,9931,2026-01-31 14:43:03.481106
1934,9935,2026-01-31 14:36:51.400034
1915,1934,2026-01-31 14:36:33.735167
1446,1668,2026-01-31 14:38:17.946125
6960,10523,2026-01-31 14:45:21.36349
1528,9987,2026-01-31 14:41:41.671248
10999,1506,2026-01-31 16:58:25.448765
10580,4082,2026-01-31 16:52:56.701662
1458,9939,2026-01-31 14:34:35.560715
1663,1445,2026-01-31 14:45:50.399139
12468,1819,2026-01-31 17:36:23.505787
9970,2098,2026-01-31 14:34:56.345519
2092,9880,2026-01-31 14:56:36.118478
12386,4621,2026-01-31 17:34:49.502437
10490,4538,2026-01-31 16:46:32.506608
6145,6145,2026-01-31 14:49:17.754913
1525,1934,2026-01-31 14:33:03.11173
9931,9935,2026-01-31 14:51:36.987984
10352,4546,2026-01-31 16:42:01.464924
2394,2397,2026-01-31 14:35:49.029376
10341,1438,2026-01-31 15:01:44.88835
2092,7431,2026-01-31 14:56:36.118478
1536,3284,2026-01-31 14:32:41.739544
9939,1536,2026-01-31 14:34:42.892668
2072,1422,2026-01-31 14:34:52.969819
1674,1479,2026-01-31 14:46:12.346915
10983,1506,2026-01-31 17:17:58.232072
2092,7428,2026-01-31 14:56:36.118478
1461,3284,2026-01-31 14:39:16.816053
9921,8110,2026-01-31 14:34:12.101679
10931,1600,2026-01-31 16:55:18.673931
9833,2103,2026-01-31 14:35:35.571771
2472,4218,2026-01-31 14:38:48.984789
11209,1438,2026-01-31 17:02:16.19635
11314,2426,2026-01-31 17:05:46.15823
1506,1656,2026-01-31 14:40:56.628414
10941,2716,2026-01-31 16:56:47.445368
11499,4083,2026-01-31 17:11:06.182625
11690,1690,2026-01-31 17:15:27.88827
10460,10445,2026-01-31 16:45:23.519253
1506,1696,2026-01-31 14:40:56.628414
7738,10274,2026-01-31 16:40:12.958762
9875,1675,2026-01-31 14:33:38.978175
10290,3598,2026-01-31 16:41:00.144847
11232,11230,2026-01-31 17:03:01.385036
4065,4080,2026-01-31 15:06:36.895698
9880,1461,2026-01-31 14:33:42.921128
2296,2301,2026-01-31 14:35:32.281267
10279,7737,2026-01-31 17:33:18.524694
10490,1600,2026-01-31 16:46:32.506608
1525,1506,2026-01-31 14:33:03.11173
2398,2408,2026-01-31 14:35:52.330803
9921,1431,2026-01-31 14:34:12.101679
6224,9935,2026-01-31 14:36:26.960697
1968,1479,2026-01-31 14:37:49.79186
12266,1685,2026-01-31 17:32:47.430698
10577,4618,2026-01-31 16:52:52.679464
2302,1697,2026-01-31 15:02:24.122432
2472,2026,2026-01-31 14:38:48.984789
9852,1465,2026-01-31 14:43:15.284525
9829,9829,2026-01-31 14:33:28.72474
11110,11108,2026-01-31 16:59:45.100328
1495,2072,2026-01-31 14:32:58.951778
10438,10445,2026-01-31 16:45:36.531093
1836,1934,2026-01-31 14:34:06.379991
1461,6224,2026-01-31 14:39:16.816053
2398,2402,2026-01-31 14:35:52.330803
1467,9811,2026-01-31 14:32:55.519873
10331,10334,2026-01-31 16:53:59.6577
12200,1422,2026-01-31 17:30:27.677798
11480,11487,2026-01-31 17:10:44.608283
7741,10274,2026-01-31 16:39:32.998672
12476,2311,2026-01-31 17:36:36.877079
9853,1431,2026-01-31 14:33:25.043511
10623,1527,2026-01-31 16:53:39.046994
1458,9885,2026-01-31 14:34:35.560715
10335,10336,2026-01-31 16:41:43.897309
2716,1473,2026-01-31 14:48:30.589812
2219,1765,2026-01-31 15:00:42.151553
10516,2408,2026-01-31 14:48:08.298077
11761,11757,2026-01-31 17:17:18.663032
9694,1422,2026-01-31 17:08:07.427636
2417,6224,2026-01-31 14:34:20.319568
11713,6272,2026-01-31 17:16:02.041545
1525,1564,2026-01-31 14:33:03.11173
10527,1647,2026-01-31 16:51:42.416476
1461,2092,2026-01-31 14:39:16.816053
10062,12179,2026-01-31 15:56:55.946358
10439,6272,2026-01-31 14:55:04.964646
10288,10334,2026-01-31 16:40:56.739956
1536,10445,2026-01-31 14:32:41.739544
2439,9935,2026-01-31 15:05:50.635441
9852,2026,2026-01-31 14:43:15.284525
9939,9852,2026-01-31 14:34:42.892668
10290,3180,2026-01-31 16:41:00.144847
11663,1765,2026-01-31 17:14:25.855463
2369,8110,2026-01-31 15:00:49.768054
2072,2067,2026-01-31 14:34:52.969819
1585,1465,2026-01-31 14:33:21.638798
10041,1422,2026-01-31 15:55:58.708811
11672,4538,2026-01-31 17:14:46.678871
3284,9875,2026-01-31 14:36:08.831557
11212,1656,2026-01-31 17:02:23.979692
11041,1600,2026-01-31 16:58:42.958939
11676,4538,2026-01-31 17:14:56.724025
1461,4546,2026-01-31 14:39:16.816053
1585,9853,2026-01-31 14:33:21.638798
2316,1422,2026-01-31 15:02:44.614418
2625,2240,2026-01-31 14:54:37.334017
10480,1461,2026-01-31 16:46:08.635635
1495,1446,2026-01-31 14:32:58.951778
2240,9880,2026-01-31 14:35:25.439728
12222,1422,2026-01-31 17:32:04.282954
1528,10000,2026-01-31 14:41:41.671248
10388,1506,2026-01-31 16:42:31.096281
11549,1690,2026-01-31 17:12:51.2053
10406,1645,2026-01-31 16:43:20.88352
2456,4080,2026-01-31 15:06:25.168179
10554,10334,2026-01-31 16:52:27.469615
4065,1527,2026-01-31 15:06:36.895698
10290,1479,2026-01-31 16:41:00.144847
10441,10442,2026-01-31 16:44:56.603212
4961,6272,2026-01-31 16:41:21.93204
1656,1819,2026-01-31 14:45:30.083714
9833,2752,2026-01-31 14:35:35.571771
2193,1819,2026-01-31 14:58:47.531219
2026,9885,2026-01-31 14:40:02.846599
11677,4546,2026-01-31 17:15:00.066248
10244,1819,2026-01-31 16:36:40.142518
1536,2472,2026-01-31 14:32:41.739544
10347,4084,2026-01-31 16:41:58.075479
10062,1527,2026-01-31 15:56:55.946358
11873,7281,2026-01-31 14:52:58.178359
2633,2426,2026-01-31 14:39:02.523288
10577,4621,2026-01-31 16:52:52.679464
11165,4083,2026-01-31 17:00:24.728788
1585,9852,2026-01-31 14:33:21.638798
9939,1446,2026-01-31 14:34:42.892668
1819,2633,2026-01-31 14:50:31.51655
1495,6224,2026-01-31 14:32:58.951778
10051,2716,2026-01-31 15:56:20.874521
2468,1465,2026-01-31 16:55:28.409002
6265,6460,2026-01-31 17:03:05.63883
1525,9921,2026-01-31 14:33:03.11173
11544,11010,2026-01-31 17:12:42.531832
10062,2426,2026-01-31 15:56:55.946358
11674,1647,2026-01-31 17:14:53.400362
11795,1431,2026-01-31 17:19:05.52444
9935,1422,2026-01-31 14:34:23.718904
11889,12179,2026-01-31 17:22:10.704876
1733,2026,2026-01-31 14:48:48.924939
3315,1527,2026-01-31 14:39:20.751993
2414,1834,2026-01-31 15:04:03.701818
2296,1438,2026-01-31 14:35:32.281267
2716,4080,2026-01-31 14:48:30.589812
11636,2426,2026-01-31 17:13:42.68058
10516,6960,2026-01-31 14:48:08.298077
9980,2128,2026-01-31 14:35:07.091651
10532,1819,2026-01-31 16:52:08.767774
1467,2072,2026-01-31 14:32:55.519873
2296,2283,2026-01-31 14:35:32.281267
1746,1479,2026-01-31 14:33:46.827539
9833,9970,2026-01-31 14:35:35.571771
11212,1446,2026-01-31 17:02:23.979692
1705,2103,2026-01-31 14:48:12.937741
10062,1458,2026-01-31 15:56:55.946358
11939,6272,2026-01-31 17:22:55.105735
10523,6272,2026-01-31 14:46:01.545751
1520,2158,2026-01-31 14:41:18.153253
6272,3020,2026-01-31 14:38:45.585514
10601,1580,2026-01-31 16:53:11.360355
7428,3315,2026-01-31 14:38:37.768432
9853,1564,2026-01-31 14:33:25.043511
12199,1431,2026-01-31 14:56:01.837822
2275,6272,2026-01-31 15:01:27.565182
1675,2426,2026-01-31 14:46:15.801597
9833,1836,2026-01-31 14:35:35.571771
12034,1431,2026-01-31 17:24:34.884401
9970,9987,2026-01-31 14:34:56.345519
11137,1527,2026-01-31 17:00:02.397561
10601,1819,2026-01-31 16:53:11.360355
7580,1676,2026-01-31 17:08:29.535361
2752,1479,2026-01-31 14:57:33.169119
10554,1834,2026-01-31 16:52:27.469615
3094,1453,2026-01-31 14:58:08.406732
11729,1431,2026-01-31 17:16:29.588617
10053,9864,2026-01-31 15:56:28.795196
9968,9970,2026-01-31 14:35:17.894942
10333,1438,2026-01-31 16:41:51.27993
1644,1438,2026-01-31 14:44:54.739694
10931,2426,2026-01-31 16:55:18.673931
10329,1446,2026-01-31 16:41:40.423793
12502,11010,2026-01-31 17:37:10.443399
1663,9875,2026-01-31 14:45:50.399139
9875,1438,2026-01-31 14:33:38.978175
2389,1934,2026-01-31 14:35:45.745785
2132,2103,2026-01-31 14:53:36.3124
12117,2426,2026-01-31 17:26:47.287726
11667,6960,2026-01-31 17:14:32.871187
10341,6272,2026-01-31 15:01:44.88835
11314,1600,2026-01-31 17:05:46.15823
10062,1600,2026-01-31 15:56:55.946358
1467,9880,2026-01-31 14:32:55.519873
11701,1819,2026-01-31 17:15:47.687281
10523,4538,2026-01-31 14:46:01.545751
2152,9885,2026-01-31 14:57:44.593761
1495,1479,2026-01-31 14:32:58.951778
9833,1536,2026-01-31 14:35:35.571771
1974,1461,2026-01-31 14:34:39.563109
10666,4538,2026-01-31 16:54:32.121795
10244,10253,2026-01-31 16:36:40.142518
9958,1458,2026-01-31 14:34:46.315349
2401,1834,2026-01-31 15:04:07.144506
1677,1662,2026-01-31 14:45:36.857513
10033,2428,2026-01-31 14:35:58.978185
3792,9970,2026-01-31 16:41:04.142782
2628,1431,2026-01-31 17:00:52.989239
10271,10271,2026-01-31 16:39:20.263163
1746,1446,2026-01-31 14:33:46.827539
10076,1458,2026-01-31 15:57:09.276904
10043,1422,2026-01-31 15:56:03.137631
2131,1600,2026-01-31 14:57:17.214397
2633,3180,2026-01-31 14:39:02.523288
1536,9980,2026-01-31 14:32:41.739544
9875,1696,2026-01-31 14:33:38.978175
11306,6272,2026-01-31 17:05:27.306378
11711,4083,2026-01-31 17:15:58.489943
3792,9967,2026-01-31 16:41:04.142782
9875,2296,2026-01-31 14:33:38.978175
9980,9987,2026-01-31 14:35:07.091651
10442,2607,2026-01-31 14:36:30.272547
9833,1453,2026-01-31 14:35:35.571771
4080,4067,2026-01-31 14:43:34.007473
3282,1879,2026-01-31 14:57:40.889404
1473,1746,2026-01-31 14:39:51.503756
1681,1702,2026-01-31 14:47:05.549338
1564,1473,2026-01-31 14:33:10.978401
2414,2405,2026-01-31 15:04:03.701818
10290,1879,2026-01-31 16:41:00.144847
9935,1461,2026-01-31 14:34:23.718904
1458,1518,2026-01-31 14:34:35.560715
2192,1506,2026-01-31 14:58:42.983067
2279,1445,2026-01-31 15:01:38.001723
1673,4621,2026-01-31 14:46:08.744924
1915,1479,2026-01-31 14:36:33.735167
1915,2625,2026-01-31 14:36:33.735167
4084,4080,2026-01-31 15:07:41.297203
9885,1461,2026-01-31 14:34:49.63491
10681,2291,2026-01-31 16:54:43.774735
1536,9880,2026-01-31 14:32:41.739544
11056,2286,2026-01-31 16:59:03.877512
2396,1644,2026-01-31 15:03:56.392152
9880,4621,2026-01-31 14:33:42.921128
9939,1527,2026-01-31 14:34:42.892668
3595,3598,2026-01-31 17:00:38.396254
2188,1600,2026-01-31 14:35:14.532331
10347,1438,2026-01-31 16:41:58.075479
1668,2026,2026-01-31 14:39:09.194193
2132,1746,2026-01-31 14:53:36.3124
9694,2304,2026-01-31 17:08:07.427636
11196,1644,2026-01-31 17:01:52.164272
9880,2716,2026-01-31 14:33:42.921128
10597,1676,2026-01-31 16:53:04.440572
10334,6464,2026-01-31 14:53:31.806128
9798,1431,2026-01-31 15:40:36.186065
2197,1580,2026-01-31 14:59:01.865154
10314,3668,2026-01-31 16:41:14.588263
2158,7737,2026-01-31 14:57:56.08646
4987,1819,2026-01-31 16:42:04.917277
1709,1422,2026-01-31 14:48:27.273685
3315,1518,2026-01-31 14:39:20.751993
11001,10944,2026-01-31 16:58:28.841774
2468,1580,2026-01-31 16:55:28.409002
1495,9958,2026-01-31 14:32:58.951778
9972,9972,2026-01-31 14:35:00.321311
9833,2072,2026-01-31 14:35:35.571771
2625,1446,2026-01-31 14:54:37.334017
11477,6272,2026-01-31 17:32:10.958165
10015,1564,2026-01-31 14:35:42.330727
11293,9935,2026-01-31 17:04:59.104434
9852,4621,2026-01-31 14:43:15.284525
1461,1453,2026-01-31 14:39:16.816053
9987,2183,2026-01-31 14:35:10.530814
1768,1768,2026-01-31 14:49:06.19085
2186,1527,2026-01-31 14:41:07.137158
9852,1506,2026-01-31 14:43:15.284525
1495,1461,2026-01-31 14:32:58.951778
1974,9939,2026-01-31 14:34:39.563109
11230,4067,2026-01-31 17:02:53.678719
12276,4067,2026-01-31 17:33:11.209644
1585,9811,2026-01-31 14:33:21.638798
1431,2628,2026-01-31 14:36:37.18607
12023,1600,2026-01-31 17:30:53.243442
10033,9163,2026-01-31 14:35:58.978185
9853,9853,2026-01-31 14:33:25.043511
3598,1527,2026-01-31 15:00:45.58667
1934,2716,2026-01-31 14:36:51.400034
1974,1431,2026-01-31 14:34:39.563109
11817,1536,2026-01-31 17:20:41.822001
2448,2193,2026-01-31 15:06:06.967798
7944,2192,2026-01-31 17:21:20.371772
7737,7738,2026-01-31 16:40:09.417137
7400,7396,2026-01-31 14:56:47.324414
1527,6272,2026-01-31 14:41:33.926275
1697,9875,2026-01-31 14:47:45.757676
2279,1537,2026-01-31 15:01:38.001723
4987,1705,2026-01-31 16:42:04.917277
9970,2092,2026-01-31 14:34:56.345519
4218,1968,2026-01-31 14:54:53.067705
1536,1934,2026-01-31 14:32:41.739544
11818,1690,2026-01-31 17:20:08.534781
2426,1600,2026-01-31 15:05:07.993965
2628,2633,2026-01-31 17:00:52.989239
10490,10526,2026-01-31 16:46:32.506608
10528,4546,2026-01-31 17:14:43.348766
1564,1461,2026-01-31 14:33:10.978401
9875,7428,2026-01-31 14:33:38.978175
1446,1446,2026-01-31 14:38:17.946125
10333,2338,2026-01-31 16:41:51.27993
1461,9935,2026-01-31 14:39:16.816053
1625,1495,2026-01-31 14:33:32.151214
12447,6272,2026-01-31 17:35:55.990022
9980,9980,2026-01-31 14:35:07.091651
3180,6454,2026-01-31 14:53:28.060759
1836,1467,2026-01-31 14:34:06.379991
10023,1934,2026-01-31 14:35:55.622052
10576,7396,2026-01-31 16:52:48.805382
10051,1458,2026-01-31 15:56:20.874521
1771,1467,2026-01-31 14:33:54.938068
1525,9970,2026-01-31 14:33:03.11173
12283,1656,2026-01-31 17:33:14.583693
1527,1518,2026-01-31 14:41:33.926275
11480,6272,2026-01-31 17:10:44.608283
11729,1676,2026-01-31 17:16:29.588617
11662,1768,2026-01-31 17:14:20.453175
10436,1446,2026-01-31 16:44:53.222797
7944,6272,2026-01-31 17:21:20.371772
9972,1564,2026-01-31 14:35:00.321311
7983,2194,2026-01-31 16:58:10.170475
2296,2288,2026-01-31 14:35:32.281267
4080,1819,2026-01-31 14:43:34.007473
11755,1527,2026-01-31 17:17:08.376673
11827,1650,2026-01-31 17:20:18.612723
2296,2291,2026-01-31 14:35:32.281267
11662,1600,2026-01-31 17:14:20.453175
1461,2098,2026-01-31 14:39:16.816053
11673,4538,2026-01-31 17:14:50.018191
1458,1564,2026-01-31 14:34:35.560715
9970,2103,2026-01-31 14:34:56.345519
10656,1506,2026-01-31 16:54:18.219801
3094,1518,2026-01-31 14:58:08.406732
9875,1662,2026-01-31 14:33:38.978175
11348,1422,2026-01-31 17:07:15.772212
8359,1600,2026-01-31 17:31:56.986646
11534,11549,2026-01-31 17:12:47.06381
11215,2633,2026-01-31 17:02:27.559368
3284,1536,2026-01-31 14:36:08.831557
10335,1600,2026-01-31 16:41:43.897309
11924,2162,2026-01-31 17:22:37.004322
4621,1438,2026-01-31 14:43:30.208833
10274,7743,2026-01-31 16:40:23.824775
10460,10442,2026-01-31 16:45:23.519253
11588,1657,2026-01-31 17:13:18.406147
12116,12117,2026-01-31 17:26:03.414601
2414,1506,2026-01-31 15:04:03.701818
1644,1422,2026-01-31 14:44:54.739694
9970,2716,2026-01-31 14:34:56.345519
9987,2186,2026-01-31 14:35:10.530814
1536,10000,2026-01-31 14:32:41.739544
9833,1663,2026-01-31 14:35:35.571771
1585,4080,2026-01-31 14:33:21.638798
1696,6960,2026-01-31 14:47:41.856188
1461,9885,2026-01-31 14:39:16.816053
1461,3282,2026-01-31 14:39:16.816053
11924,1479,2026-01-31 17:22:37.004322
1974,2240,2026-01-31 14:34:39.563109
9880,1746,2026-01-31 14:33:42.921128
1518,3661,2026-01-31 14:41:10.895391
9967,6272,2026-01-31 14:56:21.674611
1495,9880,2026-01-31 14:32:58.951778
10439,6960,2026-01-31 14:55:04.964646
10539,4621,2026-01-31 16:52:16.559992
2397,1473,2026-01-31 15:03:59.77144
1915,1465,2026-01-31 14:36:33.735167
2398,2414,2026-01-31 14:35:52.330803
9968,3598,2026-01-31 14:35:17.894942
1525,1536,2026-01-31 14:33:03.11173
11288,6272,2026-01-31 17:04:55.37204
1458,8106,2026-01-31 14:34:35.560715
1695,1645,2026-01-31 14:47:38.485111
9968,1422,2026-01-31 14:35:17.894942
9875,1685,2026-01-31 14:33:38.978175
11537,11528,2026-01-31 17:11:24.65244
9833,8110,2026-01-31 14:35:35.571771
11682,1446,2026-01-31 17:15:17.183211
10335,1446,2026-01-31 16:41:43.897309
2633,1438,2026-01-31 14:39:02.523288
1836,1479,2026-01-31 14:34:06.379991
9880,1968,2026-01-31 14:33:42.921128
1458,1537,2026-01-31 14:34:35.560715
10244,2286,2026-01-31 16:36:40.142518
2369,6145,2026-01-31 15:00:49.768054
9864,1934,2026-01-31 14:33:35.535616
2338,1438,2026-01-31 15:02:55.748465
1668,1479,2026-01-31 14:39:09.194193
4080,2426,2026-01-31 15:07:11.815399
10290,1465,2026-01-31 16:41:00.144847
11732,6272,2026-01-31 14:47:09.844774
6960,1536,2026-01-31 14:45:21.36349
10853,2198,2026-01-31 16:55:14.56969
9921,2240,2026-01-31 14:34:12.101679
11889,10190,2026-01-31 17:22:10.704876
1656,6272,2026-01-31 14:45:30.083714
10460,1446,2026-01-31 16:45:23.519253
1836,1600,2026-01-31 14:34:06.379991
1668,1446,2026-01-31 14:39:09.194193
1461,1465,2026-01-31 14:39:16.816053
1525,1525,2026-01-31 14:33:03.11173
10681,1700,2026-01-31 16:54:43.774735
11663,10526,2026-01-31 17:14:25.855463
3668,7281,2026-01-31 17:30:12.74431
9811,2072,2026-01-31 14:33:18.246168
1525,6224,2026-01-31 14:33:03.11173
1479,1422,2026-01-31 14:40:08.463857
11662,10526,2026-01-31 17:14:20.453175
10228,1819,2026-01-31 16:36:14.843142
2240,1934,2026-01-31 14:35:25.439728
2363,1564,2026-01-31 14:35:38.96617
12199,1934,2026-01-31 14:56:01.837822
10244,1600,2026-01-31 16:36:40.142518
10441,10445,2026-01-31 16:44:56.603212
11671,4546,2026-01-31 17:14:39.656253
2417,6145,2026-01-31 14:34:20.319568
12525,6467,2026-01-31 17:37:33.764343
10480,10445,2026-01-31 16:46:08.635635
10436,10439,2026-01-31 16:44:53.222797
2363,2363,2026-01-31 14:35:38.96617
11831,1536,2026-01-31 17:20:31.606561
1765,1656,2026-01-31 14:49:02.864259
10523,4622,2026-01-31 14:46:01.545751
9163,9931,2026-01-31 15:05:59.125389
12351,1685,2026-01-31 17:34:38.51273
10603,1834,2026-01-31 16:53:14.755241
10523,4616,2026-01-31 14:46:01.545751
9939,1537,2026-01-31 14:34:42.892668
11900,10341,2026-01-31 17:22:18.081685
10290,2275,2026-01-31 16:41:00.144847
10072,2124,2026-01-31 15:56:59.356259
11338,1422,2026-01-31 17:07:08.029967
2716,1479,2026-01-31 14:48:30.589812
4081,1700,2026-01-31 15:07:31.012078
1525,7428,2026-01-31 14:33:03.11173
10049,2716,2026-01-31 15:56:15.406158
11361,1676,2026-01-31 17:07:36.829414
1453,2124,2026-01-31 14:38:52.237406
1746,1458,2026-01-31 14:33:46.827539
11277,2286,2026-01-31 17:04:41.008547
2072,1746,2026-01-31 14:34:52.969819
2296,1467,2026-01-31 14:35:32.281267
10968,1473,2026-01-31 16:57:31.486827
11499,1422,2026-01-31 17:11:06.182625
2452,1685,2026-01-31 14:51:51.621826
11041,1580,2026-01-31 16:58:42.958939
10560,2199,2026-01-31 16:52:38.089937
1746,1465,2026-01-31 14:33:46.827539
9925,1934,2026-01-31 14:51:18.314489
11874,1765,2026-01-31 17:21:53.705281
2428,1819,2026-01-31 15:05:15.556062
9987,9939,2026-01-31 14:35:10.530814
1446,1473,2026-01-31 14:38:17.946125
11672,6272,2026-01-31 17:14:46.678871
8359,1431,2026-01-31 17:31:56.986646
10426,10334,2026-01-31 16:43:40.472905
10331,10614,2026-01-31 16:53:59.6577
11807,1506,2026-01-31 17:19:46.161797
4618,4622,2026-01-31 16:54:28.70314
12312,2883,2026-01-31 17:34:03.540652
2363,1422,2026-01-31 14:35:38.96617
2193,2193,2026-01-31 14:58:47.531219
4961,1536,2026-01-31 16:41:21.93204
1664,1422,2026-01-31 14:45:53.807492
10495,4618,2026-01-31 16:52:34.742103
2191,1819,2026-01-31 14:58:37.999797
10253,1819,2026-01-31 16:38:38.057404
2188,2199,2026-01-31 14:35:14.532331
3094,1506,2026-01-31 14:58:08.406732
9880,1495,2026-01-31 14:33:42.921128
9925,9925,2026-01-31 14:51:18.314489
10945,1422,2026-01-31 16:57:15.013862
4982,4987,2026-01-31 17:13:46.675201
11183,1422,2026-01-31 17:01:23.985076
10000,2240,2026-01-31 14:35:28.890644
10837,1446,2026-01-31 16:55:10.171256
10033,2432,2026-01-31 14:35:58.978185
1649,2296,2026-01-31 14:45:09.407292
11368,2219,2026-01-31 17:07:59.507577
9935,2132,2026-01-31 14:34:23.718904
10445,4546,2026-01-31 14:36:43.928778
1431,1819,2026-01-31 14:36:37.18607
10490,1834,2026-01-31 16:46:32.506608
9875,1657,2026-01-31 14:33:38.978175
10439,1446,2026-01-31 14:55:04.964646
10642,2405,2026-01-31 16:53:52.681318
1746,2716,2026-01-31 14:33:46.827539
11807,4546,2026-01-31 17:19:46.161797
2397,9875,2026-01-31 15:03:59.77144
2305,4083,2026-01-31 15:02:34.464279
1981,7281,2026-01-31 14:54:33.155454
10837,4621,2026-01-31 16:55:10.171256
2296,2314,2026-01-31 14:35:32.281267
11316,11318,2026-01-31 17:05:49.630307
8110,1422,2026-01-31 14:41:00.123194
10043,1527,2026-01-31 15:56:03.137631
11663,1446,2026-01-31 17:14:25.855463
12293,3315,2026-01-31 17:33:42.67129
10290,2633,2026-01-31 16:41:00.144847
11108,11110,2026-01-31 16:59:41.573403
9896,1495,2026-01-31 14:33:58.564245
1525,3807,2026-01-31 14:33:03.11173
10241,10242,2026-01-31 16:36:35.712319
9968,2219,2026-01-31 14:35:17.894942
1461,1446,2026-01-31 14:39:16.816053
1974,1467,2026-01-31 14:34:39.563109
10015,2369,2026-01-31 14:35:42.330727
10329,4621,2026-01-31 16:41:40.423793
1677,1685,2026-01-31 14:45:36.857513
9970,1934,2026-01-31 14:34:56.345519
11234,1446,2026-01-31 17:33:46.019065
10439,1461,2026-01-31 14:55:04.964646
3369,1600,2026-01-31 17:22:51.591201
10290,6960,2026-01-31 16:41:00.144847
10451,10442,2026-01-31 16:45:07.915944
11338,1536,2026-01-31 17:07:08.029967
1458,1461,2026-01-31 14:34:35.560715
10577,10526,2026-01-31 16:52:52.679464
12426,12428,2026-01-31 17:35:45.335839
1836,1446,2026-01-31 14:34:06.379991
11729,1422,2026-01-31 17:16:29.588617
1495,9939,2026-01-31 14:32:58.951778
10333,1446,2026-01-31 16:41:51.27993
1438,1446,2026-01-31 14:37:01.711876
1461,1647,2026-01-31 14:39:16.816053
4546,1653,2026-01-31 14:47:02.167331
1675,9935,2026-01-31 14:46:15.801597
9939,1836,2026-01-31 14:34:42.892668
1934,2240,2026-01-31 14:36:51.400034
11671,1647,2026-01-31 17:14:39.656253
10720,4083,2026-01-31 16:54:51.288252
1904,9880,2026-01-31 14:34:27.534734
11245,3180,2026-01-31 17:04:08.488395
6960,4538,2026-01-31 14:45:21.36349
4083,1765,2026-01-31 15:07:37.76717
12516,11010,2026-01-31 17:37:26.256056
2128,1473,2026-01-31 14:57:13.163843
11730,6272,2026-01-31 17:16:34.492012
10942,10944,2026-01-31 16:57:11.095279
11450,4538,2026-01-31 17:09:57.517485
11854,1527,2026-01-31 17:20:59.232149
3180,1883,2026-01-31 14:53:28.060759
1904,9987,2026-01-31 14:34:27.534734
10033,2440,2026-01-31 14:35:58.978185
1574,1564,2026-01-31 14:33:14.935224
2240,1479,2026-01-31 14:35:25.439728
2448,1422,2026-01-31 15:06:06.967798
9875,10516,2026-01-31 14:33:38.978175
11285,1506,2026-01-31 17:04:51.947302
1675,6272,2026-01-31 14:46:15.801597
2188,2193,2026-01-31 14:35:14.532331
1467,1473,2026-01-31 14:32:55.519873
11662,4538,2026-01-31 17:14:20.453175
1536,1968,2026-01-31 14:32:41.739544
1553,6224,2026-01-31 14:33:07.104999
12312,1446,2026-01-31 17:34:03.540652
10527,10526,2026-01-31 16:51:42.416476
7738,10279,2026-01-31 16:40:12.958762
7944,1431,2026-01-31 17:21:20.371772
2240,1537,2026-01-31 14:35:25.439728
11089,11073,2026-01-31 16:59:30.62225
9968,9939,2026-01-31 14:35:17.894942
11480,1656,2026-01-31 17:10:44.608283
9939,2072,2026-01-31 14:34:42.892668
9875,9875,2026-01-31 14:33:38.978175
3807,9921,2026-01-31 14:41:45.175989
4621,10526,2026-01-31 14:43:30.208833
11704,1527,2026-01-31 17:15:54.756269
2402,2398,2026-01-31 15:04:11.31986
1904,1422,2026-01-31 14:34:27.534734
2625,1506,2026-01-31 14:54:37.334017
10329,10523,2026-01-31 16:41:40.423793
3322,1453,2026-01-31 14:54:57.077682
10288,1506,2026-01-31 16:40:56.739956
2193,2192,2026-01-31 14:58:47.531219
10033,2456,2026-01-31 14:35:58.978185
11690,11534,2026-01-31 17:15:27.88827
9980,2132,2026-01-31 14:35:07.091651
2447,1676,2026-01-31 15:06:03.1723
12319,4082,2026-01-31 17:34:10.748988
1700,1656,2026-01-31 14:47:57.202731
9980,9967,2026-01-31 14:35:07.091651
1915,1446,2026-01-31 14:36:33.735167
11884,10516,2026-01-31 17:22:03.938154
10554,1647,2026-01-31 16:52:27.469615
2296,1684,2026-01-31 14:35:32.281267
2296,2311,2026-01-31 14:35:32.281267
10033,4546,2026-01-31 14:35:58.978185
2296,2316,2026-01-31 14:35:32.281267
12293,3668,2026-01-31 17:33:42.67129
9875,6960,2026-01-31 14:33:38.978175
10406,1677,2026-01-31 16:43:20.88352
11334,6272,2026-01-31 17:06:57.425051
2398,1834,2026-01-31 14:35:52.330803
11755,1765,2026-01-31 17:17:08.376673
10329,1438,2026-01-31 16:41:40.423793
2447,9931,2026-01-31 15:06:03.1723
2389,2389,2026-01-31 14:35:45.745785
9833,4218,2026-01-31 14:35:35.571771
1819,1892,2026-01-31 14:50:31.51655
2132,1676,2026-01-31 14:53:36.3124
1668,12199,2026-01-31 14:39:09.194193
9875,1668,2026-01-31 14:33:38.978175
10528,4538,2026-01-31 17:14:43.348766
10288,10288,2026-01-31 16:40:56.739956
2132,1520,2026-01-31 14:53:36.3124
7432,1431,2026-01-31 16:46:19.80243
9935,2633,2026-01-31 14:34:23.718904
1506,1765,2026-01-31 14:40:56.628414
1695,1677,2026-01-31 14:47:38.485111
10329,10331,2026-01-31 16:41:40.423793
7432,1461,2026-01-31 16:46:19.80243
9875,1479,2026-01-31 14:33:38.978175
1915,1968,2026-01-31 14:36:33.735167
9852,9939,2026-01-31 14:43:15.284525
11056,1656,2026-01-31 16:59:03.877512
11450,4082,2026-01-31 17:09:57.517485
4962,4621,2026-01-31 16:45:52.648969
1771,9987,2026-01-31 14:33:54.938068
1536,3315,2026-01-31 14:32:41.739544
6960,1664,2026-01-31 14:45:21.36349
9968,9968,2026-01-31 14:35:17.894942
12424,12428,2026-01-31 17:35:36.477271
1553,1495,2026-01-31 14:33:07.104999
2414,1495,2026-01-31 15:04:03.701818
12407,1819,2026-01-31 17:35:08.236459
8110,9970,2026-01-31 14:41:00.123194
4987,7396,2026-01-31 16:42:04.917277
9833,1461,2026-01-31 14:35:35.571771
11108,11113,2026-01-31 16:59:41.573403
11846,4546,2026-01-31 17:20:55.89962
1709,1446,2026-01-31 14:48:27.273685
11293,1879,2026-01-31 17:04:59.104434
1771,1647,2026-01-31 14:33:54.938068
2092,3280,2026-01-31 14:56:36.118478
2455,1664,2026-01-31 15:06:21.7934
12199,1662,2026-01-31 14:56:01.837822
1585,1564,2026-01-31 14:33:21.638798
9875,1690,2026-01-31 14:33:38.978175
10442,1461,2026-01-31 14:36:30.272547
2311,1422,2026-01-31 15:02:37.798748
2162,1479,2026-01-31 14:58:04.217047
11212,6272,2026-01-31 17:02:23.979692
1525,1495,2026-01-31 14:33:03.11173
10677,1422,2026-01-31 16:54:35.500547
11368,4067,2026-01-31 17:07:59.507577
2240,1461,2026-01-31 14:35:25.439728
11755,1431,2026-01-31 17:17:08.376673
11563,11010,2026-01-31 17:13:04.862559
9875,1684,2026-01-31 14:33:38.978175
10953,12179,2026-01-31 16:57:28.022437
10290,6272,2026-01-31 16:41:00.144847
9935,1870,2026-01-31 14:34:23.718904
10033,2452,2026-01-31 14:35:58.978185
2752,1446,2026-01-31 14:57:33.169119
1746,1644,2026-01-31 14:33:46.827539
2398,6272,2026-01-31 14:35:52.330803
11313,6272,2026-01-31 17:05:42.755591
10265,10265,2026-01-31 16:39:07.975828
9931,1445,2026-01-31 14:51:36.987984
1681,1656,2026-01-31 14:47:05.549338
10015,1580,2026-01-31 14:35:42.330727
3180,1422,2026-01-31 14:53:28.060759
12464,11949,2026-01-31 17:36:19.500965
10347,6272,2026-01-31 16:41:58.075479
12174,1431,2026-01-31 17:27:27.725029
11681,4538,2026-01-31 17:15:10.065659
3315,1934,2026-01-31 14:39:20.751993
9829,2072,2026-01-31 14:33:28.72474
1834,1506,2026-01-31 14:50:55.549176
10523,1600,2026-01-31 14:46:01.545751
2132,6224,2026-01-31 14:53:36.3124
4618,1422,2026-01-31 16:54:28.70314
9906,9987,2026-01-31 14:34:02.508444
4621,1465,2026-01-31 14:43:30.208833
9967,9968,2026-01-31 14:56:21.674611
4546,1700,2026-01-31 14:47:02.167331
1536,9829,2026-01-31 14:32:41.739544
1981,2416,2026-01-31 14:54:33.155454
1553,1431,2026-01-31 14:33:07.104999
10837,1479,2026-01-31 16:55:10.171256
10724,1676,2026-01-31 16:54:56.315486
3284,1461,2026-01-31 14:36:08.831557
9939,10439,2026-01-31 14:34:42.892668
2126,9970,2026-01-31 14:35:03.777115
7432,1446,2026-01-31 16:46:19.80243
9880,9875,2026-01-31 14:33:42.921128
2198,7997,2026-01-31 14:59:06.583382
1461,1836,2026-01-31 14:39:16.816053
10274,7740,2026-01-31 16:40:23.824775
1461,2633,2026-01-31 14:39:16.816053
9896,1467,2026-01-31 14:33:58.564245
11677,4538,2026-01-31 17:15:00.066248
1438,1668,2026-01-31 14:37:01.711876
9939,9939,2026-01-31 14:34:42.892668
11209,6272,2026-01-31 17:02:16.19635
3315,2219,2026-01-31 14:39:20.751993
10288,1765,2026-01-31 16:40:56.739956
1968,2026,2026-01-31 14:37:49.79186
1525,9958,2026-01-31 14:33:03.11173
2716,9935,2026-01-31 14:48:30.589812
9970,2240,2026-01-31 14:34:56.345519
3807,3094,2026-01-31 14:41:45.175989
9939,1495,2026-01-31 14:34:42.892668
11753,1527,2026-01-31 17:17:03.918002
9875,4546,2026-01-31 14:33:38.978175
12207,12206,2026-01-31 17:31:43.13528
1525,1527,2026-01-31 14:33:03.11173
3094,3315,2026-01-31 14:58:08.406732
1819,1445,2026-01-31 14:50:31.51655
11358,1600,2026-01-31 17:07:32.948703
10281,1934,2026-01-31 15:03:49.342945
11304,4621,2026-01-31 17:05:34.80368
11593,2304,2026-01-31 17:13:25.732766
7741,7740,2026-01-31 16:39:32.998672
10426,1446,2026-01-31 16:43:40.472905
10853,1700,2026-01-31 16:55:14.56969
3315,1668,2026-01-31 14:39:20.751993
12036,2432,2026-01-31 17:24:39.160815
11245,1445,2026-01-31 17:04:08.488395
1461,6145,2026-01-31 14:39:16.816053
9875,1422,2026-01-31 14:33:38.978175
3598,1883,2026-01-31 15:00:45.58667
10335,10341,2026-01-31 16:41:43.897309
1709,9875,2026-01-31 14:48:27.273685
4546,1765,2026-01-31 14:47:02.167331
10656,1431,2026-01-31 16:54:18.219801
12519,11010,2026-01-31 17:37:29.629801
10015,1934,2026-01-31 14:35:42.330727
1668,1422,2026-01-31 14:39:09.194193
4958,1819,2026-01-31 17:03:20.916995
9980,9968,2026-01-31 14:35:07.091651
2389,10281,2026-01-31 14:35:45.745785
9987,1819,2026-01-31 14:35:10.530814
2224,1479,2026-01-31 14:35:22.072661
11867,10516,2026-01-31 17:21:16.485714
2401,1600,2026-01-31 15:04:07.144506
1431,9931,2026-01-31 14:36:37.18607
11307,6272,2026-01-31 17:05:30.861075
7740,7737,2026-01-31 16:40:16.935827
10516,9875,2026-01-31 14:48:08.298077
4987,10341,2026-01-31 16:42:04.917277
2240,2132,2026-01-31 14:35:25.439728
12397,1446,2026-01-31 17:34:56.821925
10523,9875,2026-01-31 14:46:01.545751
1585,1495,2026-01-31 14:33:21.638798
10460,1461,2026-01-31 16:45:23.519253
1495,1473,2026-01-31 14:32:58.951778
1677,1645,2026-01-31 14:45:36.857513
12023,1422,2026-01-31 17:30:53.243442
9875,1705,2026-01-31 14:33:38.978175
3284,1465,2026-01-31 14:36:08.831557
9958,2026,2026-01-31 14:34:46.315349
11230,1696,2026-01-31 17:02:53.678719
9921,1564,2026-01-31 14:34:12.101679
11711,4082,2026-01-31 17:15:58.489943
10603,2286,2026-01-31 16:53:14.755241
10253,1527,2026-01-31 16:38:38.057404
10034,8110,2026-01-31 15:55:49.179614
1746,1934,2026-01-31 14:33:46.827539
1709,1662,2026-01-31 14:48:27.273685
2296,2286,2026-01-31 14:35:32.281267
2192,4080,2026-01-31 14:58:42.983067
11701,2275,2026-01-31 17:15:47.687281
1536,7428,2026-01-31 14:32:41.739544
10446,1446,2026-01-31 16:44:59.901436
11873,1537,2026-01-31 14:52:58.178359
11381,4083,2026-01-31 17:08:33.329895
10982,10944,2026-01-31 16:57:47.431073
10273,6272,2026-01-31 16:39:29.013738
3807,3807,2026-01-31 14:41:45.175989
2448,2192,2026-01-31 15:06:06.967798
9166,2628,2026-01-31 15:08:27.195387
9939,1518,2026-01-31 14:34:42.892668
10576,9967,2026-01-31 16:52:48.805382
11276,4621,2026-01-31 17:04:37.616162
10233,10233,2026-01-31 16:36:23.400158
2752,1473,2026-01-31 14:57:33.169119
9987,1458,2026-01-31 14:35:10.530814
1461,3315,2026-01-31 14:39:16.816053
1675,1702,2026-01-31 14:46:15.801597
10316,6272,2026-01-31 16:41:18.589275
10062,10190,2026-01-31 15:56:55.946358
10495,10516,2026-01-31 16:52:34.742103
9896,1564,2026-01-31 14:33:58.564245
10000,1528,2026-01-31 14:35:28.890644
1564,9880,2026-01-31 14:33:10.978401
1574,1574,2026-01-31 14:33:14.935224
12174,11010,2026-01-31 17:27:27.725029
10677,1871,2026-01-31 16:54:35.500547
2198,6272,2026-01-31 14:59:06.583382
11676,10526,2026-01-31 17:14:56.724025
10290,1600,2026-01-31 16:41:00.144847
10580,10523,2026-01-31 16:52:56.701662
11667,10341,2026-01-31 17:14:32.871187
7431,1461,2026-01-31 16:45:04.038316
11662,4621,2026-01-31 17:14:20.453175
1836,1438,2026-01-31 14:34:06.379991
9935,10334,2026-01-31 14:34:23.718904
10274,2158,2026-01-31 16:40:23.824775
10516,4961,2026-01-31 14:48:08.298077
9967,1934,2026-01-31 14:56:21.674611
2394,2396,2026-01-31 14:35:49.029376
4081,10341,2026-01-31 15:07:31.012078
1506,1819,2026-01-31 14:40:56.628414
11657,1819,2026-01-31 17:14:16.416386
2716,1446,2026-01-31 14:48:30.589812
11681,4961,2026-01-31 17:15:10.065659
10946,10190,2026-01-31 16:57:18.507002
9968,1934,2026-01-31 14:35:17.894942
9811,1446,2026-01-31 14:33:18.246168
1527,1506,2026-01-31 14:41:33.926275
1580,1819,2026-01-31 14:43:03.481106
7740,7741,2026-01-31 16:40:16.935827
1834,6960,2026-01-31 14:50:55.549176
10580,2219,2026-01-31 16:52:56.701662
2716,1458,2026-01-31 14:48:30.589812
1681,4082,2026-01-31 14:47:05.549338
2883,1746,2026-01-31 16:41:47.486916
3598,1445,2026-01-31 15:00:45.58667
9875,4538,2026-01-31 14:33:38.978175
4080,4084,2026-01-31 14:43:34.007473
1836,1431,2026-01-31 14:34:06.379991
12513,11010,2026-01-31 17:37:22.114403
2401,10334,2026-01-31 15:04:07.144506
9833,9965,2026-01-31 14:35:35.571771
9935,10190,2026-01-31 14:34:23.718904
9935,1438,2026-01-31 14:34:23.718904
11694,6272,2026-01-31 17:15:34.64632
11232,1702,2026-01-31 17:03:01.385036
1836,1647,2026-01-31 14:34:06.379991
3280,10442,2026-01-31 16:45:11.985656
8106,6145,2026-01-31 14:54:13.102331
1465,1668,2026-01-31 14:39:24.148772
11873,6272,2026-01-31 14:52:58.178359
9829,1446,2026-01-31 14:33:28.72474
2401,2398,2026-01-31 15:04:07.144506
1974,1974,2026-01-31 14:34:39.563109
4618,4621,2026-01-31 16:54:28.70314
8106,1422,2026-01-31 14:54:13.102331
1458,1479,2026-01-31 14:34:35.560715
9163,6272,2026-01-31 15:05:59.125389
2240,9958,2026-01-31 14:35:25.439728
2199,2188,2026-01-31 14:59:11.554565
11833,4538,2026-01-31 17:20:38.490802
11690,11531,2026-01-31 17:15:27.88827
10445,2092,2026-01-31 14:36:43.928778
9833,2026,2026-01-31 14:35:35.571771
10290,1765,2026-01-31 16:41:00.144847
2098,1934,2026-01-31 14:56:39.592577
1536,1836,2026-01-31 14:32:41.739544
1461,1461,2026-01-31 14:39:16.816053
11980,1422,2026-01-31 17:23:21.181262
9958,1446,2026-01-31 14:34:46.315349
1461,3280,2026-01-31 14:39:16.816053
10244,1527,2026-01-31 16:36:40.142518
11686,4530,2026-01-31 17:15:20.980306
1709,2296,2026-01-31 14:48:27.273685
4616,1446,2026-01-31 16:51:23.369658
3315,2240,2026-01-31 14:39:20.751993
1564,7428,2026-01-31 14:33:10.978401
2716,9987,2026-01-31 14:48:30.589812
7253,12199,2026-01-31 17:30:24.308371
11325,1422,2026-01-31 17:06:17.108206
9833,1458,2026-01-31 14:35:35.571771
2240,1536,2026-01-31 14:35:25.439728
11001,10942,2026-01-31 16:58:28.841774
10033,1445,2026-01-31 14:35:58.978185
1768,6272,2026-01-31 14:49:06.19085
2162,1473,2026-01-31 14:58:04.217047
4530,4621,2026-01-31 17:35:16.019518
9906,9939,2026-01-31 14:34:02.508444
11008,11010,2026-01-31 16:58:32.43374
9852,4080,2026-01-31 14:43:15.284525
9906,6145,2026-01-31 14:34:02.508444
10568,6272,2026-01-31 16:52:44.886131
10235,1461,2026-01-31 16:36:28.384944
12407,2197,2026-01-31 17:35:08.236459
1536,1668,2026-01-31 14:32:41.739544
10033,9935,2026-01-31 14:35:58.978185
1709,1649,2026-01-31 14:48:27.273685
2369,8106,2026-01-31 15:00:49.768054
9798,1879,2026-01-31 15:40:36.186065
4987,2103,2026-01-31 16:42:04.917277
1467,9939,2026-01-31 14:32:55.519873
11873,1431,2026-01-31 14:52:58.178359
4982,1705,2026-01-31 17:13:46.675201
11371,4082,2026-01-31 17:08:10.864607
11663,4961,2026-01-31 17:14:25.855463
10451,2092,2026-01-31 16:45:07.915944
2625,1431,2026-01-31 14:54:37.334017
1525,8110,2026-01-31 14:33:03.11173
9852,9880,2026-01-31 14:43:15.284525
4080,1676,2026-01-31 14:43:34.007473
10507,1702,2026-01-31 16:47:41.829418
4080,1527,2026-01-31 15:06:29.550997
10626,9965,2026-01-31 16:53:42.455745
10023,2416,2026-01-31 14:35:55.622052
1924,1446,2026-01-31 14:34:31.481641
10383,10385,2026-01-31 16:42:18.644436
1746,1733,2026-01-31 14:33:46.827539
12298,4621,2026-01-31 17:33:53.385953
12116,1600,2026-01-31 17:26:03.414601
1553,9958,2026-01-31 14:33:07.104999
10023,9925,2026-01-31 14:35:55.622052
2363,1467,2026-01-31 14:35:38.96617
11663,4546,2026-01-31 17:14:25.855463
10601,1431,2026-01-31 16:53:11.360355
3094,2186,2026-01-31 14:58:08.406732
10062,1461,2026-01-31 15:56:55.946358
1518,1819,2026-01-31 14:41:10.895391
4081,1461,2026-01-31 15:07:31.012078
1733,1479,2026-01-31 14:48:48.924939
10279,2158,2026-01-31 17:33:18.524694
1644,1479,2026-01-31 14:44:54.739694
11198,1644,2026-01-31 17:01:56.16863
2447,1445,2026-01-31 15:06:03.1723
9935,9931,2026-01-31 14:34:23.718904
1757,1757,2026-01-31 14:33:50.992183
4082,9694,2026-01-31 15:07:34.318439
11367,1676,2026-01-31 17:07:55.228651
10333,1473,2026-01-31 16:41:51.27993
1525,1537,2026-01-31 14:33:03.11173
11817,11836,2026-01-31 17:20:41.822001
10999,1527,2026-01-31 16:58:25.448765
10441,1461,2026-01-31 16:44:56.603212
1585,1467,2026-01-31 14:33:21.638798
2128,4082,2026-01-31 14:57:13.163843
1819,9931,2026-01-31 14:50:31.51655
9875,10442,2026-01-31 14:33:38.978175
11056,2452,2026-01-31 16:59:03.877512
11180,4083,2026-01-31 17:01:03.314863
12197,1422,2026-01-31 17:30:20.900561
2072,1479,2026-01-31 14:34:52.969819
11550,11534,2026-01-31 17:13:29.172012
12225,2124,2026-01-31 17:31:25.93452
2158,7738,2026-01-31 14:57:56.08646
9906,1934,2026-01-31 14:34:02.508444
10429,1461,2026-01-31 16:44:30.041723
11726,4083,2026-01-31 17:16:23.68264
11593,4082,2026-01-31 17:13:25.732766
12291,10648,2026-01-31 17:33:39.291997
4067,2981,2026-01-31 15:06:44.492865
12021,12023,2026-01-31 17:24:22.596033
10314,1536,2026-01-31 16:41:14.588263
11732,1422,2026-01-31 14:47:09.844774
1879,1580,2026-01-31 14:52:41.568645
11588,1650,2026-01-31 17:13:18.406147
9939,9935,2026-01-31 14:34:42.892668
1892,6272,2026-01-31 14:53:05.534051
2275,10334,2026-01-31 15:01:27.565182
2283,1431,2026-01-31 15:01:41.473502
9880,1473,2026-01-31 14:33:42.921128
1536,1467,2026-01-31 14:32:41.739544
7740,2158,2026-01-31 16:40:16.935827
1675,1695,2026-01-31 14:46:15.801597
12206,12207,2026-01-31 17:30:35.182322
11846,1765,2026-01-31 17:20:55.89962
2194,7983,2026-01-31 14:58:52.559002
9980,9970,2026-01-31 14:35:07.091651
2072,1446,2026-01-31 14:34:52.969819
4618,1662,2026-01-31 16:54:28.70314
2401,6467,2026-01-31 15:04:07.144506
12222,2124,2026-01-31 17:32:04.282954
10577,1685,2026-01-31 16:52:52.679464
2067,7281,2026-01-31 14:56:11.175554
9939,2240,2026-01-31 14:34:42.892668
2401,1422,2026-01-31 15:04:07.144506
10041,9980,2026-01-31 15:55:58.708811
10442,9880,2026-01-31 14:36:30.272547
1473,1446,2026-01-31 14:39:51.503756
10666,1664,2026-01-31 16:54:32.121795
3661,1518,2026-01-31 17:10:00.951202
11686,1506,2026-01-31 17:15:20.980306
9853,1934,2026-01-31 14:33:25.043511
11936,1446,2026-01-31 17:22:48.152523
1834,6039,2026-01-31 14:50:55.549176
1746,1422,2026-01-31 14:33:46.827539
10290,1506,2026-01-31 16:41:00.144847
10033,1819,2026-01-31 14:35:58.978185
10241,10241,2026-01-31 16:36:35.712319
10015,9958,2026-01-31 14:35:42.330727
11137,3661,2026-01-31 17:00:02.397561
10290,1446,2026-01-31 16:41:00.144847
10983,1431,2026-01-31 17:17:58.232072
9875,6272,2026-01-31 14:33:38.978175
11755,1506,2026-01-31 17:17:08.376673
10316,10341,2026-01-31 16:41:18.589275
9958,1968,2026-01-31 14:34:46.315349
2162,1668,2026-01-31 14:58:04.217047
8110,9958,2026-01-31 14:41:00.123194
9939,3315,2026-01-31 14:34:42.892668
10333,4621,2026-01-31 16:41:51.27993
11817,7281,2026-01-31 17:20:41.822001
2633,1506,2026-01-31 14:39:02.523288
2456,1702,2026-01-31 15:06:25.168179
1924,1924,2026-01-31 14:34:31.481641
10334,6460,2026-01-31 14:53:31.806128
2183,7281,2026-01-31 14:58:25.634121
1834,6467,2026-01-31 14:50:55.549176
11350,6272,2026-01-31 17:22:24.861508
4081,4080,2026-01-31 15:07:31.012078
2158,7740,2026-01-31 14:57:56.08646
9939,3322,2026-01-31 14:34:42.892668
10630,10352,2026-01-31 16:53:49.276445
2883,1446,2026-01-31 16:41:47.486916
1771,1765,2026-01-31 14:33:54.938068
10436,7432,2026-01-31 16:44:53.222797
9939,1934,2026-01-31 14:34:42.892668
1915,10000,2026-01-31 14:36:33.735167
12397,1765,2026-01-31 17:34:56.821925
2716,1465,2026-01-31 14:48:30.589812
1553,1553,2026-01-31 14:33:07.104999
9980,1458,2026-01-31 14:35:07.091651
10650,10651,2026-01-31 16:54:07.098637
6029,1506,2026-01-31 16:46:36.710129
1467,1495,2026-01-31 14:32:55.519873
7428,9880,2026-01-31 14:38:37.768432
10853,1647,2026-01-31 16:55:14.56969
2633,1422,2026-01-31 14:39:02.523288
4546,4546,2026-01-31 14:47:02.167331
2026,1422,2026-01-31 14:40:02.846599
1534,9833,2026-01-31 14:41:52.088367
2363,1495,2026-01-31 14:35:38.96617
10603,2192,2026-01-31 16:53:14.755241
1458,8110,2026-01-31 14:34:35.560715
4982,6960,2026-01-31 17:13:46.675201
10000,1968,2026-01-31 14:35:28.890644
10329,10519,2026-01-31 16:41:40.423793
2625,1915,2026-01-31 14:54:37.334017
9967,1422,2026-01-31 14:56:21.674611
9970,9967,2026-01-31 14:34:56.345519
1674,4645,2026-01-31 14:46:12.346915
10933,2625,2026-01-31 16:55:23.883961
11730,1422,2026-01-31 17:16:34.492012
9939,1461,2026-01-31 14:34:42.892668
1644,3598,2026-01-31 14:44:54.739694
9935,1506,2026-01-31 14:34:23.718904
10567,10334,2026-01-31 16:52:41.469127
7400,9965,2026-01-31 14:56:47.324414
2883,1600,2026-01-31 16:41:47.486916
10945,2716,2026-01-31 16:57:15.013862
10033,1879,2026-01-31 14:35:58.978185
10426,10341,2026-01-31 16:43:40.472905
9852,1438,2026-01-31 14:43:15.284525
10279,10274,2026-01-31 17:33:18.524694
1696,1662,2026-01-31 14:47:41.856188
1663,1506,2026-01-31 14:45:50.399139
1645,1677,2026-01-31 14:44:58.541284
1676,6272,2026-01-31 14:46:20.240279
2311,4083,2026-01-31 15:02:37.798748
1525,10000,2026-01-31 14:33:03.11173
1879,9935,2026-01-31 14:52:41.568645
12449,1422,2026-01-31 17:35:59.399971
1465,1438,2026-01-31 14:39:24.148772
2152,1461,2026-01-31 14:57:44.593761
2981,1676,2026-01-31 17:00:09.408318
11316,2426,2026-01-31 17:05:49.630307
2472,1461,2026-01-31 14:38:48.984789
2398,1506,2026-01-31 14:35:52.330803
4530,1506,2026-01-31 17:35:16.019518
10837,10523,2026-01-31 16:55:10.171256
2283,1819,2026-01-31 15:01:41.473502
9811,1580,2026-01-31 14:33:18.246168
10426,1438,2026-01-31 16:43:40.472905
11285,1819,2026-01-31 17:04:51.947302
10554,1768,2026-01-31 16:52:27.469615
1580,1422,2026-01-31 14:43:03.481106
10290,1702,2026-01-31 16:41:00.144847
1695,1662,2026-01-31 14:47:38.485111
9935,3180,2026-01-31 14:34:23.718904
9875,1934,2026-01-31 14:33:38.978175
9811,1461,2026-01-31 14:33:18.246168
11680,4621,2026-01-31 17:15:03.387959
10441,1446,2026-01-31 16:44:56.603212
1574,1495,2026-01-31 14:33:14.935224
1695,1446,2026-01-31 14:47:38.485111
7428,1536,2026-01-31 14:38:37.768432
12023,1702,2026-01-31 17:30:53.243442
7997,4083,2026-01-31 17:10:41.060138
7741,2158,2026-01-31 16:39:32.998672
1836,9880,2026-01-31 14:34:06.379991
1765,1819,2026-01-31 14:49:02.864259
2625,1527,2026-01-31 14:54:37.334017
3020,6272,2026-01-31 17:06:09.816612
9896,1458,2026-01-31 14:33:58.564245
3315,3322,2026-01-31 14:39:20.751993
1453,1934,2026-01-31 14:38:52.237406
1981,2124,2026-01-31 14:54:33.155454
10527,1446,2026-01-31 16:51:42.416476
10603,1676,2026-01-31 16:53:14.755241
4961,1422,2026-01-31 16:41:21.93204
1536,1915,2026-01-31 14:32:41.739544
1746,9939,2026-01-31 14:33:46.827539
1746,1668,2026-01-31 14:33:46.827539
1771,1771,2026-01-31 14:33:54.938068
3322,1676,2026-01-31 14:54:57.077682
3322,1422,2026-01-31 14:54:57.077682
9896,9896,2026-01-31 14:33:58.564245
1934,1458,2026-01-31 14:36:51.400034
10286,10062,2026-01-31 16:40:52.852658
1974,9970,2026-01-31 14:34:39.563109
2472,1934,2026-01-31 14:38:48.984789
9852,2426,2026-01-31 14:43:15.284525
9875,10523,2026-01-31 14:33:38.978175
10438,7428,2026-01-31 16:45:36.531093
10577,1438,2026-01-31 16:52:52.679464
7740,7738,2026-01-31 16:40:16.935827
1934,6224,2026-01-31 14:36:51.400034
10666,2405,2026-01-31 16:54:32.121795
1733,2752,2026-01-31 14:48:48.924939
3284,7428,2026-01-31 14:36:08.831557
10724,6272,2026-01-31 16:54:56.315486
7281,3668,2026-01-31 14:41:14.277592
1904,10000,2026-01-31 14:34:27.534734
9987,1537,2026-01-31 14:35:10.530814
3284,2468,2026-01-31 14:36:08.831557
10666,4621,2026-01-31 16:54:32.121795
9885,2240,2026-01-31 14:34:49.63491
6224,3180,2026-01-31 14:36:26.960697
3315,2186,2026-01-31 14:39:20.751993
9875,1653,2026-01-31 14:33:38.978175
10334,6467,2026-01-31 14:53:31.806128
1644,1465,2026-01-31 14:44:54.739694
10487,1461,2026-01-31 16:46:24.095052
10968,1662,2026-01-31 16:57:31.486827
1696,1422,2026-01-31 14:47:41.856188
9980,1467,2026-01-31 14:35:07.091651
2296,2275,2026-01-31 14:35:32.281267
4616,10519,2026-01-31 16:51:23.369658
2158,7743,2026-01-31 14:57:56.08646
6239,2304,2026-01-31 17:26:20.191631
11174,1438,2026-01-31 17:00:59.832563
11889,1684,2026-01-31 17:22:10.704876
1757,1934,2026-01-31 14:33:50.992183
11807,1768,2026-01-31 17:19:46.161797
1819,3598,2026-01-31 14:50:31.51655
10062,6272,2026-01-31 15:56:55.946358
10439,7428,2026-01-31 14:55:04.964646
10436,2092,2026-01-31 16:44:53.222797
10316,10334,2026-01-31 16:41:18.589275
10072,7281,2026-01-31 15:56:59.356259
9694,4082,2026-01-31 17:08:07.427636
7428,1668,2026-01-31 14:38:37.768432
9935,1892,2026-01-31 14:34:23.718904
1834,1527,2026-01-31 14:50:55.549176
9987,1495,2026-01-31 14:35:10.530814
2398,10334,2026-01-31 14:35:52.330803
3322,1518,2026-01-31 14:54:57.077682
9970,1461,2026-01-31 14:34:56.345519
10041,1660,2026-01-31 15:55:58.708811
10000,9958,2026-01-31 14:35:28.890644
2296,1479,2026-01-31 14:35:32.281267
11285,1431,2026-01-31 17:04:51.947302
1458,9958,2026-01-31 14:34:35.560715
11831,11817,2026-01-31 17:20:31.606561
12327,1527,2026-01-31 17:34:18.857501
1536,1438,2026-01-31 14:32:41.739544
6272,2981,2026-01-31 14:38:45.585514
9958,8110,2026-01-31 14:55:08.31954
12346,4621,2026-01-31 17:34:30.479314
2098,6145,2026-01-31 14:56:39.592577
2716,2633,2026-01-31 14:48:30.589812
10335,4621,2026-01-31 16:41:43.897309
11886,9965,2026-01-31 17:22:07.30956
1528,3792,2026-01-31 14:41:41.671248
9864,9987,2026-01-31 14:33:35.535616
1924,9829,2026-01-31 14:34:31.481641
4622,4621,2026-01-31 17:14:36.208819
2883,1438,2026-01-31 16:41:47.486916
10490,4621,2026-01-31 16:46:32.506608
9885,1458,2026-01-31 14:34:49.63491
2633,1883,2026-01-31 14:39:02.523288
2132,9967,2026-01-31 14:53:36.3124
1585,4621,2026-01-31 14:33:21.638798
9935,1431,2026-01-31 14:34:23.718904
11884,11873,2026-01-31 17:22:03.938154
6960,10516,2026-01-31 14:45:21.36349
1705,4982,2026-01-31 14:48:12.937741
9970,1458,2026-01-31 14:34:56.345519
10983,11001,2026-01-31 17:17:58.232072
2607,1422,2026-01-31 15:56:11.232549
1467,1431,2026-01-31 14:32:55.519873
10043,1431,2026-01-31 15:56:03.137631
12186,1537,2026-01-31 17:30:02.563991
10281,2124,2026-01-31 15:03:49.342945
9939,1915,2026-01-31 14:34:42.892668
10431,1461,2026-01-31 16:44:42.399249
10458,10442,2026-01-31 16:45:19.140781
2188,2192,2026-01-31 14:35:14.532331
10580,2278,2026-01-31 16:52:56.701662
1681,1676,2026-01-31 14:47:05.549338
4080,1422,2026-01-31 14:43:34.007473
1534,9970,2026-01-31 14:41:52.088367
2072,1564,2026-01-31 14:34:52.969819
6239,12179,2026-01-31 17:26:20.191631
11281,4067,2026-01-31 17:04:44.791987
10043,1458,2026-01-31 15:56:03.137631
11232,4958,2026-01-31 17:03:01.385036
7431,10445,2026-01-31 16:45:04.038316
9829,1746,2026-01-31 14:33:28.72474
1525,1422,2026-01-31 14:33:03.11173
4065,1676,2026-01-31 15:06:36.895698
10490,1647,2026-01-31 16:46:32.506608
10290,1676,2026-01-31 16:41:00.144847
10273,10273,2026-01-31 16:39:29.013738
1506,3598,2026-01-31 14:40:56.628414
10439,9935,2026-01-31 14:55:04.964646
11663,4538,2026-01-31 17:14:25.855463
9833,2098,2026-01-31 14:35:35.571771
2301,1650,2026-01-31 15:02:20.807568
1536,1461,2026-01-31 14:32:41.739544
1924,1765,2026-01-31 14:34:31.481641
12296,1537,2026-01-31 17:33:49.323234
2026,1663,2026-01-31 14:40:02.846599
9833,10445,2026-01-31 14:35:35.571771
9980,1495,2026-01-31 14:35:07.091651
10288,1431,2026-01-31 16:40:56.739956
11682,2275,2026-01-31 17:15:17.183211
1668,1453,2026-01-31 14:39:09.194193
10931,9852,2026-01-31 16:55:18.673931
10487,1446,2026-01-31 16:46:24.095052
1915,9880,2026-01-31 14:36:33.735167
9853,1580,2026-01-31 14:33:25.043511
11366,1884,2026-01-31 17:07:51.770437
1458,1473,2026-01-31 14:34:35.560715
2625,1537,2026-01-31 14:54:37.334017
2132,4067,2026-01-31 14:53:36.3124
9972,1495,2026-01-31 14:35:00.321311
10347,10526,2026-01-31 16:41:58.075479
1461,10442,2026-01-31 14:39:16.816053
6272,1422,2026-01-31 14:38:45.585514
1746,1564,2026-01-31 14:33:46.827539
3094,1934,2026-01-31 14:58:08.406732
1536,2633,2026-01-31 14:32:41.739544
9931,1506,2026-01-31 14:51:36.987984
9931,2428,2026-01-31 14:51:36.987984
9875,12179,2026-01-31 14:47:30.667131
9833,1705,2026-01-31 14:35:35.571771
2296,1461,2026-01-31 14:35:32.281267
11338,1520,2026-01-31 17:07:08.029967
12482,1656,2026-01-31 17:36:42.18785
2472,1580,2026-01-31 14:38:48.984789
11338,1705,2026-01-31 17:07:08.029967
2398,2407,2026-01-31 14:35:52.330803
11293,1871,2026-01-31 17:04:59.104434
4080,4080,2026-01-31 14:43:34.007473
1871,1819,2026-01-31 14:51:44.420947
2398,2405,2026-01-31 14:35:52.330803
11680,1600,2026-01-31 17:15:03.387959
10577,4538,2026-01-31 16:52:52.679464
11704,1518,2026-01-31 17:15:54.756269
11281,6272,2026-01-31 17:04:44.791987
10666,1431,2026-01-31 16:54:32.121795
10442,3315,2026-01-31 14:36:30.272547
10487,6224,2026-01-31 16:46:24.095052
11180,6272,2026-01-31 17:01:03.314863
10953,6272,2026-01-31 16:57:28.022437
11873,6224,2026-01-31 14:52:58.178359
10648,4621,2026-01-31 16:54:03.016133
4958,1696,2026-01-31 17:03:20.916995
11719,1422,2026-01-31 17:16:10.989156
1836,1836,2026-01-31 14:34:06.379991
12397,1662,2026-01-31 17:34:56.821925
9880,9880,2026-01-31 14:33:42.921128
4621,1446,2026-01-31 14:43:30.208833
9875,1681,2026-01-31 14:33:38.978175
10623,1765,2026-01-31 16:53:39.046994
11480,4621,2026-01-31 17:10:44.608283
12116,2426,2026-01-31 17:26:03.414601
2883,4621,2026-01-31 16:41:47.486916
12154,11010,2026-01-31 17:26:43.038529
1974,1915,2026-01-31 14:34:39.563109
2296,2276,2026-01-31 14:35:32.281267
1525,1528,2026-01-31 14:33:03.11173
2414,1431,2026-01-31 15:04:03.701818
2426,2219,2026-01-31 15:05:07.993965
6960,10526,2026-01-31 14:45:21.36349
3280,1461,2026-01-31 16:45:11.985656
1668,1438,2026-01-31 14:39:09.194193
10626,10326,2026-01-31 16:53:42.455745
11537,11529,2026-01-31 17:11:24.65244
1473,1479,2026-01-31 14:39:51.503756
1453,1518,2026-01-31 14:38:52.237406
1678,1647,2026-01-31 14:46:57.286638
10677,1884,2026-01-31 16:54:35.500547
11056,6960,2026-01-31 16:59:03.877512
9921,9987,2026-01-31 14:34:12.101679
11534,1650,2026-01-31 17:12:47.06381
2633,1446,2026-01-31 14:39:02.523288
11980,1765,2026-01-31 17:23:21.181262
1465,2883,2026-01-31 14:39:24.148772
9965,7396,2026-01-31 14:56:29.318582
10290,2426,2026-01-31 16:41:00.144847
6467,1834,2026-01-31 14:53:01.648652
1495,1495,2026-01-31 14:32:58.951778
12266,1879,2026-01-31 17:32:47.430698
10000,1458,2026-01-31 14:35:28.890644
4080,4072,2026-01-31 14:43:34.007473
10666,1834,2026-01-31 16:54:32.121795
10253,10244,2026-01-31 16:38:38.057404
11769,11010,2026-01-31 17:17:27.269216
10666,6033,2026-01-31 16:54:32.121795
1553,9829,2026-01-31 14:33:07.104999
11205,1422,2026-01-31 17:02:12.641435
11924,1644,2026-01-31 17:22:37.004322
9921,1461,2026-01-31 14:34:12.101679
10015,10015,2026-01-31 14:35:42.330727
10613,1645,2026-01-31 16:53:24.94198
7396,1676,2026-01-31 15:02:59.695027
9875,4621,2026-01-31 14:33:38.978175
11180,1600,2026-01-31 17:01:03.314863
10495,1506,2026-01-31 16:52:34.742103
2219,1527,2026-01-31 15:00:42.151553
10331,10577,2026-01-31 16:53:59.6577
2633,6224,2026-01-31 14:39:02.523288
10406,1446,2026-01-31 16:43:20.88352
2296,2716,2026-01-31 14:35:32.281267
1438,2752,2026-01-31 14:37:01.711876
10580,1600,2026-01-31 16:52:56.701662
1564,1479,2026-01-31 14:33:10.978401
2132,1540,2026-01-31 14:53:36.3124
10458,1461,2026-01-31 16:45:19.140781
1663,1473,2026-01-31 14:45:50.399139
1884,1819,2026-01-31 14:52:49.84136
1564,1574,2026-01-31 14:33:10.978401
11277,3598,2026-01-31 17:04:41.008547
10434,10442,2026-01-31 16:44:49.799681
1525,1458,2026-01-31 14:33:03.11173
10274,7741,2026-01-31 16:40:23.824775
10439,2633,2026-01-31 14:55:04.964646
11487,1656,2026-01-31 17:35:49.331692
10516,4962,2026-01-31 14:48:08.298077
10438,9880,2026-01-31 16:45:36.531093
10333,1600,2026-01-31 16:41:51.27993
10326,4067,2026-01-31 16:41:25.396308
1675,4082,2026-01-31 14:46:15.801597
1645,1662,2026-01-31 14:44:58.541284
11056,1422,2026-01-31 16:59:03.877512
2455,4621,2026-01-31 15:06:21.7934
11212,4621,2026-01-31 17:02:23.979692
3315,3315,2026-01-31 14:39:20.751993
2452,4546,2026-01-31 14:51:51.621826
1553,1540,2026-01-31 14:33:07.104999
7743,7738,2026-01-31 16:40:20.367008
10235,10235,2026-01-31 16:36:28.384944
9939,9880,2026-01-31 14:34:42.892668
12327,1765,2026-01-31 17:34:18.857501
2126,2124,2026-01-31 14:35:03.777115
2131,7580,2026-01-31 14:57:17.214397
1536,9939,2026-01-31 14:32:41.739544
10523,4618,2026-01-31 14:46:01.545751
9970,10445,2026-01-31 14:34:56.345519
1746,1467,2026-01-31 14:33:46.827539
10487,2716,2026-01-31 16:46:24.095052
10388,1600,2026-01-31 16:42:31.096281
11358,1422,2026-01-31 17:07:32.948703
9875,1649,2026-01-31 14:33:38.978175
10072,8106,2026-01-31 15:56:59.356259
10023,2417,2026-01-31 14:35:55.622052
1458,1438,2026-01-31 14:34:35.560715
4218,9939,2026-01-31 14:54:53.067705
10388,1527,2026-01-31 16:42:31.096281
1458,1495,2026-01-31 14:34:35.560715
3322,3315,2026-01-31 14:54:57.077682
10677,6272,2026-01-31 16:54:35.500547
2026,1473,2026-01-31 14:40:02.846599
11682,4530,2026-01-31 17:15:17.183211
9968,1473,2026-01-31 14:35:17.894942
9980,2716,2026-01-31 14:35:07.091651
11305,6272,2026-01-31 17:05:23.727419
1585,1473,2026-01-31 14:33:21.638798
11866,1422,2026-01-31 17:21:12.571044
2607,6224,2026-01-31 15:56:11.232549
11352,11356,2026-01-31 17:07:26.145761
1668,1473,2026-01-31 14:39:09.194193
10651,11304,2026-01-31 17:06:53.257977
9875,1709,2026-01-31 14:33:38.978175
10033,6033,2026-01-31 14:35:58.978185
4622,6272,2026-01-31 17:14:36.208819
1834,6027,2026-01-31 14:50:55.549176
9980,1644,2026-01-31 14:35:07.091651
11232,3180,2026-01-31 17:03:01.385036
10347,1819,2026-01-31 16:41:58.075479
2397,2026,2026-01-31 15:03:59.77144
9921,9921,2026-01-31 14:34:12.101679
10015,8110,2026-01-31 14:35:42.330727
11215,10526,2026-01-31 17:02:27.559368
2296,2305,2026-01-31 14:35:32.281267
11368,2426,2026-01-31 17:07:59.507577
1495,1934,2026-01-31 14:32:58.951778
11056,4621,2026-01-31 16:59:03.877512
10445,1446,2026-01-31 14:36:43.928778
1518,2186,2026-01-31 14:41:10.895391
10290,4082,2026-01-31 16:41:00.144847
1431,2633,2026-01-31 14:36:37.18607
9967,1600,2026-01-31 14:56:21.674611
1836,1461,2026-01-31 14:34:06.379991
9958,10000,2026-01-31 14:34:46.315349
1536,1422,2026-01-31 14:32:41.739544
2240,9968,2026-01-31 14:35:25.439728
9852,1598,2026-01-31 14:43:15.284525
1746,1705,2026-01-31 14:33:46.827539
1564,1934,2026-01-31 14:33:10.978401
10434,10445,2026-01-31 16:44:49.799681
6265,11235,2026-01-31 17:03:05.63883
11815,2405,2026-01-31 17:20:01.467429
10516,4964,2026-01-31 14:48:08.298077
1536,9935,2026-01-31 14:32:41.739544
12117,4082,2026-01-31 17:26:47.287726
12498,11010,2026-01-31 17:37:06.317418
9968,6145,2026-01-31 14:35:17.894942
3598,1879,2026-01-31 15:00:45.58667
11677,10526,2026-01-31 17:15:00.066248
10516,1834,2026-01-31 14:48:08.298077
4081,2286,2026-01-31 15:07:31.012078
11667,1527,2026-01-31 17:14:32.871187
11338,2103,2026-01-31 17:07:08.029967
2296,1644,2026-01-31 14:35:32.281267
11499,1819,2026-01-31 17:11:06.182625
2132,1422,2026-01-31 14:53:36.3124
1525,7281,2026-01-31 14:33:03.11173
1871,9935,2026-01-31 14:51:44.420947
11873,4080,2026-01-31 14:52:58.178359
11288,1676,2026-01-31 17:04:55.37204
11636,1650,2026-01-31 17:13:42.68058
9972,9987,2026-01-31 14:35:00.321311
1585,1600,2026-01-31 14:33:21.638798
11924,1446,2026-01-31 17:22:37.004322
9987,1467,2026-01-31 14:35:10.530814
10445,1836,2026-01-31 14:36:43.928778
10495,6467,2026-01-31 16:52:34.742103
11529,11528,2026-01-31 17:31:36.473145
2026,1650,2026-01-31 14:40:02.846599
6394,6467,2026-01-31 15:07:44.745177
2152,1422,2026-01-31 14:57:44.593761
4618,4538,2026-01-31 16:54:28.70314
3369,10526,2026-01-31 17:22:51.591201
10445,1934,2026-01-31 14:36:43.928778
3598,1422,2026-01-31 15:00:45.58667
11196,1473,2026-01-31 17:01:52.164272
4530,1696,2026-01-31 17:35:16.019518
4530,1662,2026-01-31 17:35:16.019518
10429,9880,2026-01-31 16:44:30.041723
11137,2186,2026-01-31 17:00:02.397561
9970,9965,2026-01-31 14:34:56.345519
6265,11234,2026-01-31 17:03:05.63883
9880,1934,2026-01-31 14:33:42.921128
2240,2240,2026-01-31 14:35:25.439728
7997,2198,2026-01-31 17:10:41.060138
1733,1446,2026-01-31 14:48:48.924939
11349,11350,2026-01-31 17:07:19.167941
2193,1431,2026-01-31 14:58:47.531219
2883,9875,2026-01-31 16:41:47.486916
2128,1506,2026-01-31 14:57:13.163843
12274,1422,2026-01-31 17:33:07.152717
10630,1446,2026-01-31 16:53:49.276445
12216,1819,2026-01-31 17:30:48.87847
12119,1600,2026-01-31 17:26:07.775286
6394,6272,2026-01-31 15:07:44.745177
9939,1668,2026-01-31 14:34:42.892668
6224,1765,2026-01-31 14:36:26.960697
2455,1527,2026-01-31 15:06:21.7934
10623,6272,2026-01-31 16:53:39.046994
11338,9967,2026-01-31 17:07:08.029967
9875,1536,2026-01-31 14:33:38.978175
2191,6272,2026-01-31 14:58:37.999797
4982,10341,2026-01-31 17:13:46.675201
2132,9935,2026-01-31 14:53:36.3124
12426,12424,2026-01-31 17:35:45.335839
9939,1981,2026-01-31 14:34:42.892668
1458,1527,2026-01-31 14:34:35.560715
11924,1473,2026-01-31 17:22:37.004322
7428,10445,2026-01-31 14:38:37.768432
11667,1765,2026-01-31 17:14:32.871187
1924,1431,2026-01-31 14:34:31.481641
4618,10334,2026-01-31 16:54:28.70314
9935,1871,2026-01-31 14:34:23.718904
9939,1458,2026-01-31 14:34:42.892668
12171,11010,2026-01-31 17:27:23.703449
10015,6145,2026-01-31 14:35:42.330727
9875,11732,2026-01-31 14:33:38.978175
10677,1656,2026-01-31 16:54:35.500547
2414,2401,2026-01-31 15:04:03.701818
10445,1647,2026-01-31 14:36:43.928778
12221,12222,2026-01-31 17:31:14.509266
2402,2401,2026-01-31 15:04:11.31986
10495,4546,2026-01-31 16:52:34.742103
1974,9987,2026-01-31 14:34:39.563109
2296,10341,2026-01-31 14:35:32.281267
4081,1676,2026-01-31 15:07:31.012078
6027,1527,2026-01-31 16:47:20.093899
4616,10523,2026-01-31 16:51:23.369658
1467,1472,2026-01-31 14:32:55.519873
2132,1705,2026-01-31 14:53:36.3124
12276,1819,2026-01-31 17:33:11.209644
1968,1446,2026-01-31 14:37:49.79186
9968,1461,2026-01-31 14:35:17.894942
7432,10445,2026-01-31 16:46:19.80243
3280,2092,2026-01-31 16:45:11.985656
2240,10015,2026-01-31 14:35:25.439728
10937,2716,2026-01-31 16:55:40.49695
9885,1422,2026-01-31 14:34:49.63491
9833,8106,2026-01-31 14:35:35.571771
10331,10519,2026-01-31 16:53:59.6577
1458,6145,2026-01-31 14:34:35.560715
10314,1461,2026-01-31 16:41:14.588263
2414,2414,2026-01-31 15:04:03.701818
11823,1700,2026-01-31 17:20:15.170093
10290,2304,2026-01-31 16:41:00.144847
2192,1580,2026-01-31 14:58:42.983067
9833,1467,2026-01-31 14:35:35.571771
10527,4538,2026-01-31 16:51:42.416476
1819,2628,2026-01-31 14:50:31.51655
11775,11776,2026-01-31 17:17:37.177607
1836,1968,2026-01-31 14:34:06.379991
9875,1650,2026-01-31 14:33:38.978175
10228,1600,2026-01-31 16:36:14.843142
12200,3322,2026-01-31 17:30:27.677798
1915,2026,2026-01-31 14:36:33.735167
11330,2124,2026-01-31 17:06:38.360761
1525,1431,2026-01-31 14:33:03.11173
12291,4546,2026-01-31 17:33:39.291997
1585,1506,2026-01-31 14:33:21.638798
1458,9880,2026-01-31 14:34:35.560715
1453,1537,2026-01-31 14:38:52.237406
10451,2124,2026-01-31 16:45:07.915944
11304,10651,2026-01-31 17:05:34.80368
7738,2158,2026-01-31 16:40:12.958762
1836,1668,2026-01-31 14:34:06.379991
1924,2026,2026-01-31 14:34:31.481641
2183,1458,2026-01-31 14:58:25.634121
4082,1696,2026-01-31 15:07:34.318439
9980,1520,2026-01-31 14:35:07.091651
12346,1600,2026-01-31 17:34:30.479314
11356,1422,2026-01-31 17:09:43.574122
1733,1668,2026-01-31 14:48:48.924939
1968,10000,2026-01-31 14:37:49.79186
2440,1819,2026-01-31 15:05:54.994355
11238,6272,2026-01-31 17:04:19.274124
2296,1685,2026-01-31 14:35:32.281267
2417,9925,2026-01-31 14:34:20.319568
10441,3315,2026-01-31 16:44:56.603212
10015,2240,2026-01-31 14:35:42.330727
10436,10442,2026-01-31 16:44:53.222797
10015,1458,2026-01-31 14:35:42.330727
11577,11010,2026-01-31 17:13:11.70205
10023,10023,2026-01-31 14:35:55.622052
11528,2124,2026-01-31 17:11:14.342049
10983,1527,2026-01-31 17:17:58.232072
11965,6272,2026-01-31 17:23:06.175958
2414,2407,2026-01-31 15:04:03.701818
1709,1834,2026-01-31 14:48:27.273685
1536,2240,2026-01-31 14:32:41.739544
10442,1518,2026-01-31 14:36:30.272547
3282,1422,2026-01-31 14:57:40.889404
2240,1527,2026-01-31 14:35:25.439728
10526,4538,2026-01-31 14:47:51.113263
2364,9970,2026-01-31 15:03:14.514809
9829,1461,2026-01-31 14:33:28.72474
1709,1438,2026-01-31 14:48:27.273685
11859,11861,2026-01-31 17:21:02.575264
2402,2407,2026-01-31 15:04:11.31986
11322,1537,2026-01-31 17:06:03.886785
11724,11725,2026-01-31 17:16:14.74747
10648,6960,2026-01-31 16:54:03.016133
9885,1467,2026-01-31 14:34:49.63491
4081,1656,2026-01-31 15:07:31.012078
11889,11873,2026-01-31 17:22:10.704876
1733,1746,2026-01-31 14:48:48.924939
11348,1819,2026-01-31 17:07:15.772212
3807,1518,2026-01-31 14:41:45.175989
9829,1580,2026-01-31 14:33:28.72474
8110,1934,2026-01-31 14:41:00.123194
10329,1600,2026-01-31 16:41:40.423793
9935,6224,2026-01-31 14:34:23.718904
10439,9880,2026-01-31 14:55:04.964646
10487,1422,2026-01-31 16:46:24.095052
9968,1495,2026-01-31 14:35:17.894942
10290,4083,2026-01-31 16:41:00.144847
11673,1819,2026-01-31 17:14:50.018191
9935,9935,2026-01-31 14:34:23.718904
3807,1458,2026-01-31 14:41:45.175989
11730,1819,2026-01-31 17:16:34.492012
2296,1649,2026-01-31 14:35:32.281267
10628,1600,2026-01-31 16:53:45.848035
11755,1518,2026-01-31 17:17:08.376673
9880,1422,2026-01-31 14:33:42.921128
7580,6467,2026-01-31 17:08:29.535361
10580,1884,2026-01-31 16:52:56.701662
7737,7743,2026-01-31 16:40:09.417137
3284,2472,2026-01-31 14:36:08.831557
10945,1431,2026-01-31 16:57:15.013862
11636,6272,2026-01-31 17:13:42.68058
11215,4538,2026-01-31 17:02:27.559368
9987,1518,2026-01-31 14:35:10.530814
3284,2026,2026-01-31 14:36:08.831557
1709,1661,2026-01-31 14:48:27.273685
9875,10519,2026-01-31 14:33:38.978175
2472,1446,2026-01-31 14:38:48.984789
3282,1461,2026-01-31 14:57:40.889404
9958,1528,2026-01-31 14:34:46.315349
1458,9970,2026-01-31 14:34:35.560715
4982,1647,2026-01-31 17:13:46.675201
10282,1446,2026-01-31 16:40:45.267057
9968,1746,2026-01-31 14:35:17.894942
9885,1564,2026-01-31 14:34:49.63491
2405,2405,2026-01-31 15:04:21.994594
9875,1600,2026-01-31 14:33:38.978175
1934,1536,2026-01-31 14:36:51.400034
11055,1656,2026-01-31 16:58:59.49815
4621,1479,2026-01-31 14:43:30.208833
11686,2275,2026-01-31 17:15:20.980306
3315,1431,2026-01-31 14:39:20.751993
7740,7743,2026-01-31 16:40:16.935827
10446,1461,2026-01-31 16:44:59.901436
6029,6960,2026-01-31 16:46:36.710129
10429,1422,2026-01-31 16:44:30.041723
11285,11235,2026-01-31 17:04:51.947302
10347,2275,2026-01-31 16:41:58.075479
4982,4546,2026-01-31 17:13:46.675201
11188,1644,2026-01-31 17:01:36.572764
2183,9987,2026-01-31 14:58:25.634121
1644,1819,2026-01-31 14:44:54.739694
4987,1422,2026-01-31 16:42:04.917277
10526,4083,2026-01-31 14:47:51.113263
9875,1836,2026-01-31 14:33:38.978175
9970,9833,2026-01-31 14:34:56.345519
11318,2426,2026-01-31 17:05:53.046709
4080,2295,2026-01-31 15:07:11.815399
10577,6960,2026-01-31 16:52:52.679464
3315,11873,2026-01-31 14:39:20.751993
1525,9833,2026-01-31 14:33:03.11173
1836,1527,2026-01-31 14:34:06.379991
4533,6272,2026-01-31 16:53:18.180263
2716,9970,2026-01-31 14:48:30.589812
6145,1458,2026-01-31 14:49:17.754913
10341,1446,2026-01-31 15:01:44.88835
11900,11903,2026-01-31 17:22:18.081685
2188,2194,2026-01-31 14:35:14.532331
1934,1422,2026-01-31 14:36:51.400034
2026,1438,2026-01-31 14:40:02.846599
9939,6224,2026-01-31 14:34:42.892668
3595,6272,2026-01-31 17:00:38.396254
1884,1765,2026-01-31 14:52:49.84136
10442,1453,2026-01-31 14:36:30.272547
1819,1676,2026-01-31 14:50:31.51655
9875,1663,2026-01-31 14:33:38.978175
1675,9875,2026-01-31 14:46:15.801597
2456,1506,2026-01-31 15:06:25.168179
10623,10334,2026-01-31 16:53:39.046994
12510,11010,2026-01-31 17:37:18.755463
9987,1564,2026-01-31 14:35:10.530814
11863,1690,2026-01-31 17:21:07.405074
1677,10523,2026-01-31 14:45:36.857513
2072,1431,2026-01-31 14:34:52.969819
2625,9939,2026-01-31 14:54:37.334017
6960,4530,2026-01-31 14:45:21.36349
10329,10334,2026-01-31 16:41:40.423793
2191,9166,2026-01-31 14:58:37.999797
1904,2072,2026-01-31 14:34:27.534734
7944,9166,2026-01-31 17:21:20.371772
9935,2716,2026-01-31 14:34:23.718904
2072,1467,2026-01-31 14:34:52.969819
11733,1600,2026-01-31 17:16:43.213644
2291,1656,2026-01-31 15:01:54.969272
10516,10526,2026-01-31 14:48:08.298077
10436,10438,2026-01-31 16:44:53.222797
10490,10334,2026-01-31 16:46:32.506608
2072,9875,2026-01-31 14:34:52.969819
12222,12221,2026-01-31 17:32:04.282954
2296,1915,2026-01-31 14:35:32.281267
1883,6272,2026-01-31 14:52:45.052956
10469,2092,2026-01-31 16:45:48.425649
2098,1668,2026-01-31 14:56:39.592577
10982,10983,2026-01-31 16:57:47.431073
11244,1527,2026-01-31 17:03:47.445894
2472,2625,2026-01-31 14:38:48.984789
9921,9864,2026-01-31 14:34:12.101679
1696,1506,2026-01-31 14:47:41.856188
10242,10241,2026-01-31 16:38:34.605913
11089,11059,2026-01-31 16:59:30.62225
9972,9958,2026-01-31 14:35:00.321311
10033,11235,2026-01-31 14:35:58.978185
4065,1819,2026-01-31 15:06:36.895698
1495,1465,2026-01-31 14:32:58.951778
10347,10341,2026-01-31 16:41:58.075479
10650,4546,2026-01-31 16:54:07.098637
12025,6272,2026-01-31 17:24:25.930985
10290,2131,2026-01-31 16:41:00.144847
1458,1465,2026-01-31 14:34:35.560715
11450,6272,2026-01-31 17:09:57.517485
1461,6272,2026-01-31 14:39:16.816053
9833,1968,2026-01-31 14:35:35.571771
2981,11151,2026-01-31 17:00:09.408318
11041,4083,2026-01-31 16:58:42.958939
9939,1479,2026-01-31 14:34:42.892668
1834,2408,2026-01-31 14:50:55.549176
2072,1600,2026-01-31 14:34:52.969819
2455,9931,2026-01-31 15:06:21.7934
2296,2279,2026-01-31 14:35:32.281267
9968,7428,2026-01-31 14:35:17.894942
1525,2186,2026-01-31 14:33:03.11173
7428,1446,2026-01-31 14:38:37.768432
1757,8110,2026-01-31 14:33:50.992183
2067,2124,2026-01-31 14:56:11.175554
10341,10334,2026-01-31 15:01:44.88835
6224,1422,2026-01-31 14:36:26.960697
1836,1834,2026-01-31 14:34:06.379991
2128,1479,2026-01-31 14:57:13.163843
2072,1438,2026-01-31 14:34:52.969819
12428,12426,2026-01-31 17:35:41.544516
1834,2398,2026-01-31 14:50:55.549176
11965,1422,2026-01-31 17:23:06.175958
11987,6272,2026-01-31 17:23:28.02158
2883,1479,2026-01-31 16:41:47.486916
1520,1422,2026-01-31 14:41:18.153253
11322,1422,2026-01-31 17:06:03.886785
1525,1520,2026-01-31 14:33:03.11173
2296,1657,2026-01-31 14:35:32.281267
1585,1446,2026-01-31 14:33:21.638798
4083,1527,2026-01-31 15:07:37.76717
9833,2369,2026-01-31 14:35:35.571771
4065,1702,2026-01-31 15:06:36.895698
9935,11873,2026-01-31 14:34:23.718904
9811,1467,2026-01-31 14:33:18.246168
9967,1458,2026-01-31 14:56:21.674611
9880,1458,2026-01-31 14:33:42.921128
4622,4538,2026-01-31 17:14:36.208819
11194,1644,2026-01-31 17:01:47.561651
1564,2026,2026-01-31 14:33:10.978401
12449,2219,2026-01-31 17:35:59.399971
2295,8359,2026-01-31 15:01:58.984831
11819,1422,2026-01-31 17:20:11.895762
10580,6272,2026-01-31 16:52:56.701662
10598,1834,2026-01-31 16:53:07.93792
9935,1934,2026-01-31 14:34:23.718904
10945,1479,2026-01-31 16:57:15.013862
2026,1746,2026-01-31 14:40:02.846599
10999,1431,2026-01-31 16:58:25.448765
1461,1668,2026-01-31 14:39:16.816053
9798,1819,2026-01-31 15:40:36.186065
2625,1968,2026-01-31 14:54:37.334017
2296,1564,2026-01-31 14:35:32.281267
4987,4982,2026-01-31 16:42:04.917277
1836,1564,2026-01-31 14:34:06.379991
10724,10515,2026-01-31 16:54:56.315486
11356,1600,2026-01-31 17:09:43.574122
2408,1836,2026-01-31 15:04:29.728895
11900,11901,2026-01-31 17:22:18.081685
1771,1564,2026-01-31 14:33:54.938068
7428,1453,2026-01-31 14:38:37.768432
2456,1431,2026-01-31 15:06:25.168179
9875,1697,2026-01-31 14:33:38.978175
1600,1422,2026-01-31 14:43:58.509503
2395,1644,2026-01-31 15:03:52.832731
4530,10987,2026-01-31 17:35:16.019518
2452,4080,2026-01-31 14:51:51.621826
10451,1446,2026-01-31 16:45:07.915944
1668,1746,2026-01-31 14:39:09.194193
4961,10334,2026-01-31 16:41:21.93204
9972,1458,2026-01-31 14:35:00.321311
11318,1600,2026-01-31 17:05:53.046709
12119,2426,2026-01-31 17:26:07.775286
10648,1422,2026-01-31 16:54:03.016133
12001,1700,2026-01-31 17:24:15.037802
11235,2193,2026-01-31 15:05:30.829992
7944,1506,2026-01-31 17:21:20.371772
10279,7743,2026-01-31 17:33:18.524694
1705,1422,2026-01-31 14:48:12.937741
10650,10515,2026-01-31 16:54:07.098637
2240,1473,2026-01-31 14:35:25.439728
10043,1537,2026-01-31 15:56:03.137631
10253,2286,2026-01-31 16:38:38.057404
11094,3598,2026-01-31 16:59:33.900082
10000,10000,2026-01-31 14:35:28.890644
3807,1506,2026-01-31 14:41:45.175989
7944,2197,2026-01-31 17:21:20.371772
10532,1657,2026-01-31 16:52:08.767774
1973,2275,2026-01-31 14:54:26.183477
4081,2240,2026-01-31 15:07:31.012078
10598,4538,2026-01-31 16:53:07.93792
2192,2197,2026-01-31 14:58:42.983067
2098,1446,2026-01-31 14:56:39.592577
11234,1422,2026-01-31 17:33:46.019065
2098,1461,2026-01-31 14:56:39.592577
6224,2633,2026-01-31 14:36:26.960697
2092,7432,2026-01-31 14:56:36.118478
1879,2448,2026-01-31 14:52:41.568645
11900,1422,2026-01-31 17:22:18.081685
10530,1819,2026-01-31 16:52:01.05567
12495,11010,2026-01-31 17:37:02.975547
9875,1674,2026-01-31 14:33:38.978175
10281,8110,2026-01-31 15:03:49.342945
12525,1527,2026-01-31 17:37:33.764343
2098,10442,2026-01-31 14:56:39.592577
4080,4065,2026-01-31 14:43:34.007473
11493,1661,2026-01-31 17:10:52.780893
10451,1461,2026-01-31 16:45:07.915944
9875,10526,2026-01-31 14:33:38.978175
12119,1422,2026-01-31 17:26:07.775286
1733,1438,2026-01-31 14:48:48.924939
1879,1656,2026-01-31 14:52:41.568645
7580,10677,2026-01-31 17:08:29.535361
1458,6224,2026-01-31 14:34:35.560715
10034,10281,2026-01-31 15:55:49.179614
7737,2158,2026-01-31 16:40:09.417137
11846,1431,2026-01-31 17:20:55.89962
4080,1702,2026-01-31 14:43:34.007473
2452,9931,2026-01-31 14:51:51.621826
3322,2186,2026-01-31 14:54:57.077682
2452,6033,2026-01-31 14:51:51.621826
1465,4621,2026-01-31 14:39:24.148772
1467,6224,2026-01-31 14:32:55.519873
10062,11873,2026-01-31 15:56:55.946358
12287,1657,2026-01-31 17:33:26.062999
2126,1431,2026-01-31 14:35:03.777115
1968,9958,2026-01-31 14:37:49.79186
10352,1446,2026-01-31 16:42:01.464924
9833,1668,2026-01-31 14:35:35.571771
12117,6272,2026-01-31 17:26:47.287726
9939,2186,2026-01-31 14:34:42.892668
2296,1664,2026-01-31 14:35:32.281267
10642,1676,2026-01-31 16:53:52.681318
9896,6145,2026-01-31 14:33:58.564245
10290,9967,2026-01-31 16:41:00.144847
2408,1834,2026-01-31 15:04:29.728895
10445,6145,2026-01-31 14:36:43.928778
10434,1446,2026-01-31 16:44:49.799681
7738,7741,2026-01-31 16:40:12.958762
10603,6272,2026-01-31 16:53:14.755241
1924,9970,2026-01-31 14:34:31.481641
3595,2197,2026-01-31 17:00:38.396254
12199,1438,2026-01-31 14:56:01.837822
11562,1690,2026-01-31 17:13:01.454716
1684,1446,2026-01-31 14:47:13.959262
3282,9885,2026-01-31 14:57:40.889404
2401,4621,2026-01-31 15:04:07.144506
2398,2401,2026-01-31 14:35:52.330803
9970,9939,2026-01-31 14:34:56.345519
10439,6224,2026-01-31 14:55:04.964646
12197,1676,2026-01-31 17:30:20.900561
9935,1884,2026-01-31 14:34:23.718904
10567,2405,2026-01-31 16:52:41.469127
10279,7741,2026-01-31 17:33:18.524694
4530,1422,2026-01-31 17:35:16.019518
2296,9875,2026-01-31 14:35:32.281267
12327,6272,2026-01-31 17:34:18.857501
1968,1915,2026-01-31 14:37:49.79186
10347,10334,2026-01-31 16:41:58.075479
10490,1438,2026-01-31 16:46:32.506608
4621,4538,2026-01-31 14:43:30.208833
2072,12199,2026-01-31 14:34:52.969819
10945,1438,2026-01-31 16:57:15.013862
11840,4621,2026-01-31 17:20:49.171206
2275,9931,2026-01-31 15:01:27.565182
7738,7743,2026-01-31 16:40:12.958762
11450,1446,2026-01-31 17:09:57.517485
9935,1883,2026-01-31 14:34:23.718904
10666,1647,2026-01-31 16:54:32.121795
12276,1580,2026-01-31 17:33:11.209644
9875,1660,2026-01-31 14:33:38.978175
7743,7740,2026-01-31 16:40:20.367008
10603,2193,2026-01-31 16:53:14.755241
1836,4621,2026-01-31 14:34:06.379991
11488,1422,2026-01-31 17:10:48.57013
10400,10334,2026-01-31 16:43:17.476167
4546,1768,2026-01-31 14:47:02.167331
